date,hour,route_id,direction_id,stop_sequence,stop_id,n_obs,sum_delay,max_delay,min_delay,n_late5
2026-09-01,8,10002,1,19,122_1,1,66,66,66,0
2026-09-01,8,10002,1,20,910_2,1,66,66,66,0
2026-09-01,8,10032,0,24,6162_2,1,243,243,243,0
2026-09-01,8,10032,0,25,6041_2,1,291,291,291,0
2026-09-01,8,10032,0,26,243_2,1,285,285,285,0
2026-09-01,8,10032,0,27,6228_2,1,228,228,228,0
2026-09-01,8,10032,1,12,6257_1,1,152,152,152,0
2026-09-01,8,10032,1,13,6244_1,1,147,147,147,0
2026-09-01,8,10032,1,14,6094_1,1,122,122,122,0
2026-09-01,8,10032,1,15,6256_1,2,228,115,113,0
2026-09-01,8,10032,1,49,55_1,1,302,302,302,1
2026-09-01,8,10032,1,50,56_1,1,326,326,326,1
2026-09-01,8,10032,1,51,57_1,1,310,310,310,1
2026-09-01,8,10033,1,12,91_3,1,44,44,44,0
2026-09-01,8,10047,1,29,6166_1,1,96,96,96,0
2026-09-01,8,10047,1,30,6143_1,1,64,64,64,0
2026-09-01,8,10047,1,31,6241_1,2,148,89,59,0
2026-09-01,8,10049,0,22,6039_1,1,0,0,0,0
2026-09-01,8,10051,0,8,6011_4,1,151,151,151,0
2026-09-01,8,10051,0,9,6017_2,2,293,147,146,0
2026-09-01,8,10051,1,12,93_2,1,142,142,142,0
2026-09-01,8,10051,1,13,6016_2,1,154,154,154,0
2026-09-01,8,10055,0,13,7475_3,1,2,2,2,0
2026-09-01,8,10055,0,14,6260_2,1,13,13,13,0
2026-09-01,8,10055,0,15,6263_2,2,27,16,11,0
2026-09-01,8,10059,1,2,6260_2,1,45,45,45,0
2026-09-01,8,10060,0,14,446_4,1,15,15,15,0
2026-09-01,8,10060,0,15,6161_2,1,0,0,0,0
2026-09-01,8,10060,0,16,6001_2,1,23,23,23,0
2026-09-01,8,10060,0,17,6160_2,2,28,26,2,0
2026-09-01,8,10060,0,29,6017_2,1,19,19,19,0
2026-09-01,8,10060,0,30,6172_2,1,13,13,13,0
2026-09-01,8,10060,0,31,6067_2,1,93,93,93,0
2026-09-01,8,10060,0,34,6015_2,1,311,311,311,1
2026-09-01,8,10060,1,5,6172_1,1,1,1,1,0
2026-09-01,8,10060,1,6,6017_1,1,0,0,0,0
2026-09-01,8,10060,1,15,243_1,1,95,95,95,0
2026-09-01,8,10060,1,16,6041_1,1,137,137,137,0
2026-09-01,8,10060,1,17,6162_1,1,95,95,95,0
2026-09-01,8,10060,1,18,6160_1,2,171,87,84,0
2026-09-01,8,10060,1,25,9_2,1,0,0,0,0
2026-09-01,8,10060,1,26,8_3,2,51,51,0,0
2026-09-01,8,10060,1,27,6_1,3,223,139,0,0
2026-09-01,8,10060,1,28,902_1,1,80,80,80,0
2026-09-01,8,10061,0,4,114_5,1,0,0,0,0
2026-09-01,8,10064,0,2,7841_4,1,103,103,103,0
2026-09-01,8,10064,0,3,6170_2,1,126,126,126,0
2026-09-01,8,10068,0,11,252_2,1,430,430,430,1
2026-09-01,8,10068,0,12,150_2,1,480,480,480,1
2026-09-01,8,10068,0,29,615_2,1,337,337,337,1
2026-09-01,8,10068,0,30,7213_2,1,352,352,352,1
2026-09-01,8,10068,0,31,214_2,1,227,227,227,0
2026-09-01,8,10068,1,1,6109_1,1,0,0,0,0
2026-09-01,8,10068,1,2,6236_2,2,103,55,48,0
2026-09-01,8,10068,1,21,765_1,1,168,168,168,0
2026-09-01,8,10068,1,22,610_1,1,84,84,84,0
2026-09-01,8,10068,1,23,609_1,2,177,105,72,0
2026-09-01,8,10068,1,34,186_1,1,753,753,753,1
2026-09-01,8,10072,0,4,56_2,1,88,88,88,0
2026-09-01,8,10072,1,25,65_1,1,517,517,517,1
2026-09-01,8,10072,1,26,67_1,1,475,475,475,1
2026-09-01,8,10075,1,3,7217_1,1,0,0,0,0
2026-09-01,8,10075,1,4,752_1,1,39,39,39,0
2026-09-01,8,10078,0,16,209_2,1,243,243,243,0
2026-09-01,8,10078,0,32,440_1,2,638,324,314,2
2026-09-01,8,10078,0,33,6236_1,2,812,411,401,2
2026-09-01,9,10001,1,2,727_1,1,2,2,2,0
2026-09-01,9,10001,1,3,723_1,2,35,33,2,0
2026-09-01,9,10001,1,4,722_1,2,6,6,0,0
2026-09-01,9,10001,1,5,721_1,2,116,61,55,0
2026-09-01,9,10001,1,6,720_1,2,106,56,50,0
2026-09-01,9,10001,1,7,719_1,2,102,54,48,0
2026-09-01,9,10001,1,8,718_1,2,232,119,113,0
2026-09-01,9,10001,1,9,7717_1,2,276,141,135,0
2026-09-01,9,10001,1,10,765_1,2,184,95,89,0
2026-09-01,9,10001,1,11,610_1,2,118,62,56,0
2026-09-01,9,10001,1,12,609_1,2,164,85,79,0
2026-09-01,9,10001,1,13,608_1,2,152,79,73,0
2026-09-01,9,10001,1,14,607_1,2,112,59,53,0
2026-09-01,9,10001,1,15,606_1,2,40,25,15,0
2026-09-01,9,10001,1,16,249_1,1,0,0,0,0
2026-09-01,9,10001,1,17,250_1,1,23,23,23,0
2026-09-01,9,10001,1,18,251_1,1,0,0,0,0
2026-09-01,9,10001,1,19,152_1,1,0,0,0,0
2026-09-01,9,10001,1,20,200_1,1,19,19,19,0
2026-09-01,9,10001,1,21,184_1,1,38,38,38,0
2026-09-01,9,10001,1,22,201_1,1,22,22,22,0
2026-09-01,9,10001,1,23,51_1,1,33,33,33,0
2026-09-01,9,10001,1,24,202_1,1,68,68,68,0
2026-09-01,9,10001,1,25,5_4,1,15,15,15,0
2026-09-01,9,10001,1,26,6070_3,1,24,24,24,0
2026-09-01,9,10002,1,21,256_2,1,6,6,6,0
2026-09-01,9,10002,1,22,534_2,2,50,44,6,0
2026-09-01,9,10002,1,23,59_3,3,93,44,6,0
2026-09-01,9,10002,1,24,61_3,1,0,0,0,0
2026-09-01,9,10032,0,27,6228_2,1,299,299,299,0
2026-09-01,9,10032,0,28,95_2,3,597,254,160,0
2026-09-01,9,10032,0,29,94_3,3,699,288,194,0
2026-09-01,9,10032,0,30,93_2,4,933,288,194,0
2026-09-01,9,10032,0,31,6016_2,4,1007,300,219,1
2026-09-01,9,10032,0,32,91_1,4,183,94,13,0
2026-09-01,9,10032,0,33,6016_1,4,359,138,57,0
2026-09-01,9,10032,0,34,93_1,4,315,127,46,0
2026-09-01,9,10032,0,35,94_1,4,451,161,80,0
2026-09-01,9,10032,0,36,6242_1,4,339,133,52,0
2026-09-01,9,10032,0,37,6064_1,4,215,102,21,0
2026-09-01,9,10032,0,38,6255_2,4,383,144,63,0
2026-09-01,9,10032,0,39,6256_2,4,411,151,70,0
2026-09-01,9,10032,0,40,6094_2,4,295,122,41,0
2026-09-01,9,10032,0,41,6244_2,4,143,84,3,0
2026-09-01,9,10032,0,42,6257_2,4,116,76,0,0
2026-09-01,9,10032,0,43,6240_2,4,247,108,33,0
2026-09-01,9,10032,0,44,6258_2,4,199,102,15,0
2026-09-01,9,10032,0,45,6225_2,4,131,85,0,0
2026-09-01,9,10032,0,46,6181_2,4,93,72,0,0
2026-09-01,9,10032,0,47,6246_2,4,213,101,29,0
2026-09-01,9,10032,0,48,6206_2,4,161,88,16,0
2026-09-01,9,10032,0,49,6176_2,4,213,101,29,0
2026-09-01,9,10032,0,50,6200_3,4,333,131,59,0
2026-09-01,9,10032,0,51,6042_2,4,197,97,25,0
2026-09-01,9,10032,0,52,6031_2,3,69,59,0,0
2026-09-01,9,10032,0,53,6039_1,2,2,2,0,0
2026-09-01,9,10032,1,16,6255_1,3,200,85,32,0
2026-09-01,9,10032,1,17,6064_2,4,320,109,48,0
2026-09-01,9,10032,1,18,6242_2,4,368,121,60,0
2026-09-01,9,10032,1,19,94_4,4,508,156,95,0
2026-09-01,9,10032,1,20,93_2,4,624,185,124,0
2026-09-01,9,10032,1,21,6016_2,4,698,197,149,0
2026-09-01,9,10032,1,22,91_4,4,202,73,25,0
2026-09-01,9,10032,1,23,6016_1,4,422,128,80,0
2026-09-01,9,10032,1,24,93_1,4,378,117,69,0
2026-09-01,9,10032,1,25,94_2,3,60,31,0,0
2026-09-01,9,10032,1,26,95_1,3,60,31,0,0
2026-09-01,9,10032,1,27,6228_1,3,207,80,49,0
2026-09-01,9,10032,1,28,243_1,3,315,122,82,0
2026-09-01,9,10032,1,29,6041_1,3,433,164,120,0
2026-09-01,9,10032,1,30,6162_1,3,323,122,86,0
2026-09-01,9,10032,1,31,6160_1,3,307,114,86,0
2026-09-01,9,10032,1,32,6001_1,3,257,98,68,0
2026-09-01,9,10032,1,33,6161_1,3,218,84,57,0
2026-09-01,9,10032,1,34,446_3,3,25,16,0,0
2026-09-01,9,10032,1,35,6166_1,3,32,18,5,0
2026-09-01,9,10032,1,36,6143_1,1,0,0,0,0
2026-09-01,9,10032,1,37,6241_1,1,0,0,0,0
2026-09-01,9,10032,1,38,9_2,3,85,74,0,0
2026-09-01,9,10032,1,39,6057_1,3,143,103,0,0
2026-09-01,9,10032,1,40,6069_1,3,146,104,1,0
2026-09-01,9,10032,1,41,6102_1,3,459,212,109,0
2026-09-01,9,10032,1,42,6070_2,4,527,181,68,0
2026-09-01,9,10032,1,43,393_1,4,831,254,153,0
2026-09-01,9,10032,1,44,114_1,4,675,215,114,0
2026-09-01,9,10032,1,45,114_3,4,1187,343,242,2
2026-09-01,9,10032,1,46,3_1,4,1471,414,313,4
2026-09-01,9,10032,1,47,73_1,4,1047,308,207,1
2026-09-01,9,10032,1,48,72_2,4,1219,351,250,2
2026-09-01,9,10032,1,49,55_1,4,1229,380,200,2
2026-09-01,9,10032,1,50,56_1,4,1250,379,224,2
2026-09-01,9,10032,1,51,57_1,4,1256,405,208,2
2026-09-01,9,10032,1,52,59_1,3,878,390,193,1
2026-09-01,9,10032,1,53,61_1,3,829,338,191,2
2026-09-01,9,10047,0,6,72_1,1,257,257,257,0
2026-09-01,9,10047,0,7,73_2,2,467,239,228,0
2026-09-01,9,10047,0,8,73_3,3,786,269,258,0
2026-09-01,9,10047,0,9,3_2,3,909,310,299,2
2026-09-01,9,10047,0,10,114_4,4,1368,352,333,4
2026-09-01,9,10047,0,11,393_2,4,1392,359,336,4
2026-09-01,9,10047,0,12,6070_3,4,1428,368,345,4
2026-09-01,9,10047,0,13,6102_2,4,1264,327,304,4
2026-09-01,9,10047,0,14,6069_2,4,1240,321,298,3
2026-09-01,9,10047,0,15,6057_2,4,1092,284,261,0
2026-09-01,9,10047,0,16,9_5,4,912,239,216,0
2026-09-01,9,10047,0,17,6241_2,4,1092,284,261,0
2026-09-01,9,10047,0,18,6143_2,4,1048,273,250,0
2026-09-01,9,10047,0,19,6166_2,4,1004,262,239,0
2026-09-01,9,10047,0,20,446_4,4,882,231,210,0
2026-09-01,9,10047,0,21,6161_2,4,811,219,175,0
2026-09-01,9,10047,0,22,6001_2,4,885,236,198,0
2026-09-01,9,10047,0,23,6160_2,4,787,215,177,0
2026-09-01,9,10047,0,24,6162_2,4,799,212,178,0
2026-09-01,9,10047,0,25,6041_2,4,941,252,225,0
2026-09-01,9,10047,0,26,243_2,4,895,242,210,0
2026-09-01,9,10047,0,27,6228_2,4,918,234,224,0
2026-09-01,9,10047,0,28,95_2,4,771,220,179,0
2026-09-01,9,10047,0,29,94_3,4,906,253,213,0
2026-09-01,9,10047,0,30,6242_1,4,1038,286,246,0
2026-09-01,9,10047,0,31,6064_1,4,914,255,215,0
2026-09-01,9,10047,0,32,6255_2,4,1082,297,257,0
2026-09-01,9,10047,0,33,6256_2,4,1110,304,264,1
2026-09-01,9,10047,0,34,6094_2,4,994,275,235,0
2026-09-01,9,10047,0,35,6244_2,4,842,237,197,0
2026-09-01,9,10047,0,36,6257_2,4,810,229,189,0
2026-09-01,9,10047,0,37,6240_2,4,941,262,222,0
2026-09-01,9,10047,0,38,6258_2,4,893,244,208,0
2026-09-01,9,10047,0,39,6225_2,4,821,225,189,0
2026-09-01,9,10047,0,40,6181_2,4,771,213,177,0
2026-09-01,9,10047,0,41,6246_2,4,891,246,206,0
2026-09-01,9,10047,0,42,6206_2,4,839,233,193,0
2026-09-01,9,10047,0,43,6176_2,4,891,246,206,0
2026-09-01,9,10047,0,44,6200_3,4,1011,276,236,0
2026-09-01,9,10047,0,45,6042_2,4,875,242,202,0
2026-09-01,9,10047,0,46,6031_2,4,723,204,164,0
2026-09-01,9,10047,0,47,6039_1,4,582,176,125,0
2026-09-01,9,10047,1,32,9_2,3,403,170,70,0
2026-09-01,9,10047,1,33,6057_1,3,490,199,99,0
2026-09-01,9,10047,1,34,6069_1,4,503,200,10,0
2026-09-01,9,10047,1,35,6102_1,4,924,308,118,2
2026-09-01,9,10047,1,36,6070_2,4,780,270,77,0
2026-09-01,9,10047,1,37,393_1,4,1084,343,162,2
2026-09-01,9,10047,1,38,114_1,4,928,304,123,2
2026-09-01,9,10047,1,39,114_3,4,1440,432,251,3
2026-09-01,9,10047,1,40,3_1,4,1724,503,322,4
2026-09-01,9,10047,1,41,73_1,4,1300,397,216,2
2026-09-01,9,10047,1,42,72_2,4,1472,440,259,3
2026-09-01,9,10047,1,43,55_1,4,1482,469,259,2
2026-09-01,9,10047,1,44,56_1,4,1503,468,283,2
2026-09-01,9,10047,1,45,57_1,4,1467,452,267,2
2026-09-01,9,10047,1,46,59_1,4,1406,437,252,2
2026-09-01,9,10047,1,47,61_1,4,1032,347,148,2
2026-09-01,9,10049,0,23,6141_2,2,124,64,60,0
2026-09-01,9,10049,0,24,6105_2,2,124,64,60,0
2026-09-01,9,10049,0,25,6105_1,2,144,74,70,0
2026-09-01,9,10049,0,26,6141_1,2,144,74,70,0
2026-09-01,9,10049,0,27,6099_1,2,117,74,43,0
2026-09-01,9,10049,0,28,6022_1,3,262,133,55,0
2026-09-01,9,10049,0,29,6040_1,4,324,129,51,0
2026-09-01,9,10049,0,30,6039_1,4,81,65,0,0
2026-09-01,9,10050,0,1,91_4,2,76,76,0,0
2026-09-01,9,10050,0,2,6016_1,2,186,131,55,0
2026-09-01,9,10050,0,3,93_1,2,164,120,44,0
2026-09-01,9,10050,0,4,6013_2,2,246,161,85,0
2026-09-01,9,10050,0,5,6212_2,2,238,157,81,0
2026-09-01,9,10050,0,6,6205_2,2,280,178,102,0
2026-09-01,9,10050,0,7,6187_3,2,252,164,88,0
2026-09-01,9,10050,0,8,6011_2,2,333,204,129,0
2026-09-01,9,10050,0,9,6018_2,2,405,240,165,0
2026-09-01,9,10050,0,10,6190_2,2,457,266,191,0
2026-09-01,9,10050,0,11,6171_2,2,373,224,149,0
2026-09-01,9,10050,0,12,6014_3,2,103,89,14,0
2026-09-01,9,10050,1,1,6014_1,1,16,16,16,0
2026-09-01,9,10050,1,2,6171_1,1,69,69,69,0
2026-09-01,9,10050,1,3,6190_1,1,83,83,83,0
2026-09-01,9,10050,1,4,6018_1,1,139,139,139,0
2026-09-01,9,10050,1,5,6011_3,1,69,69,69,0
2026-09-01,9,10050,1,6,6187_2,1,124,124,124,0
2026-09-01,9,10050,1,7,6205_1,1,131,131,131,0
2026-09-01,9,10050,1,8,6212_1,1,146,146,146,0
2026-09-01,9,10050,1,9,6013_1,1,135,135,135,0
2026-09-01,9,10050,1,10,93_2,1,216,216,216,0
2026-09-01,9,10050,1,11,6016_2,1,241,241,241,0
2026-09-01,9,10050,1,12,91_4,1,117,117,117,0
2026-09-01,9,10051,0,10,6172_2,2,269,141,128,0
2026-09-01,9,10051,0,11,6067_2,3,594,221,180,0
2026-09-01,9,10051,0,12,6248_2,3,521,194,157,0
2026-09-01,9,10051,0,13,6249_2,3,466,172,135,0
2026-09-01,9,10051,0,14,6015_2,4,168,55,15,0
2026-09-01,9,10051,1,14,91_4,1,0,0,0,0
2026-09-01,9,10054,0,1,6073_2,1,0,0,0,0
2026-09-01,9,10054,0,2,6293_1,1,0,0,0,0
2026-09-01,9,10054,0,3,6402_9,1,0,0,0,0
2026-09-01,9,10054,0,4,6271_9,1,0,0,0,0
2026-09-01,9,10054,0,5,6292_1,1,0,0,0,0
2026-09-01,9,10055,0,16,6196_2,2,13,9,4,0
2026-09-01,9,10055,0,17,6134_2,2,63,34,29,0
2026-09-01,9,10055,0,18,6106_2,2,65,35,30,0
2026-09-01,9,10055,0,19,6020_9,3,154,62,35,0
2026-09-01,9,10055,0,20,6019_1,3,45,25,0,0
2026-09-01,9,10055,0,21,6148_2,3,33,19,0,0
2026-09-01,9,10055,0,22,6036_2,3,159,61,42,0
2026-09-01,9,10055,0,23,6150_2,3,126,50,31,0
2026-09-01,9,10055,0,24,6122_9,3,165,63,44,0
2026-09-01,9,10055,0,25,6147_2,4,238,68,49,0
2026-09-01,9,10055,0,26,6145_1,4,238,68,49,0
2026-09-01,9,10055,0,27,6144_1,4,166,54,27,0
2026-09-01,9,10055,0,28,6149_1,4,70,32,1,0
2026-09-01,9,10055,0,29,6149_9,4,73,32,4,0
2026-09-01,9,10059,0,2,7841_4,1,66,66,66,0
2026-09-01,9,10059,0,3,6170_2,2,171,86,85,0
2026-09-01,9,10059,0,4,6902_2,2,183,100,83,0
2026-09-01,9,10059,0,5,6006_2,2,241,130,111,0
2026-09-01,9,10059,0,6,6229_2,3,346,132,104,0
2026-09-01,9,10059,0,7,6074_2,3,294,118,86,0
2026-09-01,9,10059,0,8,6169_2,3,151,77,25,0
2026-09-01,9,10059,0,9,6260_1,3,265,115,63,0
2026-09-01,9,10059,0,10,7475_1,2,4,4,0,0
2026-09-01,9,10059,1,3,6169_1,2,245,138,107,0
2026-09-01,9,10059,1,4,6405_1,2,273,152,121,0
2026-09-01,9,10059,1,5,6074_1,2,247,139,108,0
2026-09-01,9,10059,1,6,6229_1,3,310,138,65,0
2026-09-01,9,10059,1,7,6006_1,3,412,172,99,0
2026-09-01,9,10059,1,8,6902_1,4,642,219,89,0
2026-09-01,9,10059,1,9,6170_1,4,794,257,127,0
2026-09-01,9,10059,1,10,7841_2,4,842,269,139,0
2026-09-01,9,10059,1,11,91_3,4,362,149,19,0
2026-09-01,9,10060,0,18,6162_2,2,12,9,3,0
2026-09-01,9,10060,0,19,6041_2,3,151,64,36,0
2026-09-01,9,10060,0,20,243_2,3,115,49,21,0
2026-09-01,9,10060,0,21,6228_2,3,148,59,35,0
2026-09-01,9,10060,0,22,95_2,4,77,54,0,0
2026-09-01,9,10060,0,23,94_3,4,212,87,34,0
2026-09-01,9,10060,0,24,6013_2,4,268,101,48,0
2026-09-01,9,10060,0,25,6212_2,4,252,97,44,0
2026-09-01,9,10060,0,26,6205_2,4,336,118,65,0
2026-09-01,9,10060,0,27,6187_3,4,280,104,51,0
2026-09-01,9,10060,0,28,6011_4,4,434,155,77,0
2026-09-01,9,10060,0,29,6017_2,4,397,141,72,0
2026-09-01,9,10060,0,30,6172_2,4,315,112,54,0
2026-09-01,9,10060,0,31,6067_2,4,551,164,106,0
2026-09-01,9,10060,0,32,6248_2,5,530,150,66,0
2026-09-01,9,10060,0,33,6249_2,6,438,135,0,0
2026-09-01,9,10060,0,34,6015_2,3,21,21,0,0
2026-09-01,9,10060,1,7,6011_1,2,1,1,0,0
2026-09-01,9,10060,1,8,6187_2,3,157,54,51,0
2026-09-01,9,10060,1,9,6205_1,3,178,61,58,0
2026-09-01,9,10060,1,10,6212_1,4,286,76,63,0
2026-09-01,9,10060,1,11,6013_1,4,242,65,52,0
2026-09-01,9,10060,1,12,94_2,4,86,26,13,0
2026-09-01,9,10060,1,13,95_1,4,86,26,13,0
2026-09-01,9,10060,1,14,6228_1,4,282,75,62,0
2026-09-01,9,10060,1,15,243_1,4,423,114,95,0
2026-09-01,9,10060,1,16,6041_1,4,579,156,133,0
2026-09-01,9,10060,1,17,6162_1,4,435,114,99,0
2026-09-01,9,10060,1,18,6160_1,4,419,112,99,0
2026-09-01,9,10060,1,19,6001_1,6,490,94,68,0
2026-09-01,9,10060,1,20,6161_1,6,412,83,54,0
2026-09-01,9,10060,1,21,446_3,5,34,15,0,0
2026-09-01,9,10060,1,22,6166_1,6,70,24,2,0
2026-09-01,9,10060,1,23,6143_1,3,5,5,0,0
2026-09-01,9,10060,1,24,6241_1,3,4,4,0,0
2026-09-01,9,10060,1,25,9_2,7,248,78,0,0
2026-09-01,9,10060,1,26,8_3,8,167,41,0,0
2026-09-01,9,10060,1,27,6_1,10,440,73,0,0
2026-09-01,9,10060,1,28,902_1,13,451,135,0,0
2026-09-01,9,10060,1,29,5_1,15,383,110,0,0
2026-09-01,9,10060,1,30,4_1,15,383,110,0,0
2026-09-01,9,10060,1,31,6059_1,16,1072,164,0,0
2026-09-01,9,10060,1,32,3_1,16,1072,164,0,0
2026-09-01,9,10060,1,33,73_1,10,99,58,0,0
2026-09-01,9,10060,1,34,128_1,10,447,116,0,0
2026-09-01,9,10060,1,35,114_5,9,86,53,0,0
2026-09-01,9,10061,0,5,3_3,3,217,108,38,0
2026-09-01,9,10061,0,6,4_5,3,397,168,98,0
2026-09-01,9,10061,0,7,5_3,3,397,168,98,0
2026-09-01,9,10061,0,8,902_2,3,397,168,98,0
2026-09-01,9,10061,0,9,6_2,3,397,168,98,0
2026-09-01,9,10061,0,10,8_1,3,397,168,98,0
2026-09-01,9,10061,0,11,9_5,3,1477,528,458,3
2026-09-01,9,10061,0,12,6241_2,3,1612,573,503,3
2026-09-01,9,10061,0,13,6143_2,3,1579,562,492,3
2026-09-01,9,10061,0,14,6166_2,3,1546,551,481,3
2026-09-01,9,10061,0,15,446_4,3,1455,520,452,3
2026-09-01,9,10061,0,16,6161_2,3,1396,508,417,3
2026-09-01,9,10061,0,17,6001_2,3,1453,525,440,3
2026-09-01,9,10061,0,18,6160_2,4,1843,497,419,4
2026-09-01,9,10061,0,19,6162_2,4,1855,511,420,4
2026-09-01,9,10061,0,20,6041_2,4,1997,551,468,4
2026-09-01,9,10061,0,21,243_2,3,1489,541,462,3
2026-09-01,9,10061,0,22,6228_2,3,1498,531,476,3
2026-09-01,9,10061,0,23,95_2,3,1396,519,431,3
2026-09-01,9,10061,0,24,94_3,3,1497,552,465,3
2026-09-01,9,10061,0,25,6013_2,3,1539,566,479,3
2026-09-01,9,10061,0,26,6212_2,3,1527,562,475,3
2026-09-01,9,10061,0,27,6205_2,3,1590,583,496,3
2026-09-01,9,10061,0,28,6187_3,3,1548,569,482,3
2026-09-01,9,10061,0,29,6011_4,3,1676,620,508,3
2026-09-01,9,10061,0,30,6017_2,4,2147,606,503,4
2026-09-01,9,10061,0,31,6172_2,4,2065,577,485,4
2026-09-01,9,10061,0,32,6067_2,4,2301,629,537,4
2026-09-01,9,10061,0,33,6248_2,4,2214,615,514,4
2026-09-01,9,10061,0,34,6249_2,4,2144,600,492,4
2026-09-01,9,10061,0,35,6015_2,4,1677,486,372,4
2026-09-01,9,10062,1,1,6019_1,1,0,0,0,0
2026-09-01,9,10062,1,2,6020_1,2,152,78,74,0
2026-09-01,9,10062,1,3,6106_1,2,216,110,106,0
2026-09-01,9,10062,1,4,6134_1,3,201,91,23,0
2026-09-01,9,10062,1,5,6196_1,3,309,127,59,0
2026-09-01,9,10062,1,6,6263_1,3,255,109,41,0
2026-09-01,9,10062,1,7,6169_1,3,138,70,2,0
2026-09-01,9,10062,1,8,6405_1,3,182,85,17,0
2026-09-01,9,10062,1,9,6074_1,3,173,87,19,0
2026-09-01,9,10062,1,10,6229_1,3,157,86,5,0
2026-09-01,9,10062,1,11,6006_1,3,226,120,6,0
2026-09-01,9,10062,1,12,6902_1,3,367,167,53,0
2026-09-01,9,10062,1,13,6170_1,3,481,205,91,0
2026-09-01,9,10062,1,14,7841_2,3,517,217,103,0
2026-09-01,9,10062,1,15,91_2,3,112,66,0,0
2026-09-01,9,10064,0,4,6902_2,2,284,144,140,0
2026-09-01,9,10064,0,5,6006_2,2,344,174,170,0
2026-09-01,9,10064,0,6,6229_2,2,348,176,172,0
2026-09-01,9,10064,0,7,6074_2,3,439,162,119,0
2026-09-01,9,10064,0,8,6169_2,3,316,121,78,0
2026-09-01,9,10064,0,9,6263_2,4,465,151,59,0
2026-09-01,9,10064,0,10,6196_2,4,423,144,45,0
2026-09-01,9,10064,0,11,6134_2,4,520,169,67,0
2026-09-01,9,10064,0,12,6106_2,4,530,170,74,0
2026-09-01,9,10064,0,13,6020_9,4,611,197,74,0
2026-09-01,9,10064,0,14,6019_1,4,463,160,37,0
2026-09-01,9,10064,0,15,6043_9,4,276,110,0,0
2026-09-01,9,10064,0,16,6188_1,4,264,106,0,0
2026-09-01,9,10064,0,17,6073_2,4,768,232,126,0
2026-09-01,9,10064,0,18,6152_1,4,768,232,126,0
2026-09-01,9,10064,0,19,6300_2,4,768,232,126,0
2026-09-01,9,10064,0,20,6289_9,4,768,232,126,0
2026-09-01,9,10064,0,21,6301_9,4,768,232,126,0
2026-09-01,9,10068,0,12,150_2,1,578,578,578,1
2026-09-01,9,10068,0,13,151_2,3,1689,620,522,3
2026-09-01,9,10068,0,14,152_3,3,1602,591,493,3
2026-09-01,9,10068,0,15,251_2,4,2030,581,458,4
2026-09-01,9,10068,0,16,250_2,4,1990,571,448,4
2026-09-01,9,10068,0,17,249_2,4,1978,568,445,4
2026-09-01,9,10068,0,18,606_2,4,2010,576,453,4
2026-09-01,9,10068,0,19,607_2,4,1974,567,444,4
2026-09-01,9,10068,0,20,608_2,4,1934,557,434,4
2026-09-01,9,10068,0,21,609_2,4,1838,533,410,4
2026-09-01,9,10068,0,22,610_2,4,1922,554,431,4
2026-09-01,9,10068,0,23,765_2,4,2214,627,504,4
2026-09-01,9,10068,0,24,7717_2,4,2126,605,482,4
2026-09-01,9,10068,0,25,6023_1,4,2462,689,566,4
2026-09-01,9,10068,0,26,210_2,4,2646,735,612,4
2026-09-01,9,10068,0,27,211_2,4,2554,712,589,4
2026-09-01,9,10068,0,28,212_2,4,2714,752,629,4
2026-09-01,9,10068,0,29,615_2,4,2936,809,686,4
2026-09-01,9,10068,0,30,7213_2,4,2762,766,643,4
2026-09-01,9,10068,0,31,214_2,5,2494,641,242,4
2026-09-01,9,10068,0,32,215_2,6,2721,642,228,4
2026-09-01,9,10068,0,33,216_2,7,3172,674,260,4
2026-09-01,9,10068,0,34,752_2,7,3093,663,249,4
2026-09-01,9,10068,0,35,7217_2,8,2915,581,216,4
2026-09-01,9,10068,0,36,422_1,8,3187,615,250,4
2026-09-01,9,10068,0,37,421_1,8,3027,595,230,4
2026-09-01,9,10068,0,38,6163_1,8,3019,594,229,4
2026-09-01,9,10068,0,39,419_1,8,2963,587,222,4
2026-09-01,9,10068,0,40,418_1,8,3499,654,289,7
2026-09-01,9,10068,0,41,440_1,8,4107,701,319,8
2026-09-01,9,10068,0,42,6236_1,8,4803,788,406,8
2026-09-01,9,10068,0,43,6109_1,8,3907,668,297,7
2026-09-01,9,10068,1,3,440_2,3,187,74,53,0
2026-09-01,9,10068,1,4,418_2,4,684,188,156,0
2026-09-01,9,10068,1,5,419_2,4,552,155,123,0
2026-09-01,9,10068,1,6,6163_2,4,552,155,123,0
2026-09-01,9,10068,1,7,421_2,4,516,146,114,0
2026-09-01,9,10068,1,8,422_2,4,156,56,24,0
2026-09-01,9,10068,1,9,7217_1,4,114,50,0,0
2026-09-01,9,10068,1,10,752_1,4,165,54,29,0
2026-09-01,9,10068,1,11,216_1,4,167,67,17,0
2026-09-01,9,10068,1,12,215_1,4,125,76,0,0
2026-09-01,9,10068,1,13,214_1,4,104,69,0,0
2026-09-01,9,10068,1,14,7213_1,4,98,67,0,0
2026-09-01,9,10068,1,15,615_1,4,290,115,48,0
2026-09-01,9,10068,1,16,212_1,4,206,94,27,0
2026-09-01,9,10068,1,17,211_1,4,338,127,60,0
2026-09-01,9,10068,1,18,210_1,4,258,107,40,0
2026-09-01,9,10068,1,19,6023_3,4,606,194,127,0
2026-09-01,9,10068,1,20,7717_1,4,738,227,160,0
2026-09-01,9,10068,1,21,765_1,4,812,241,174,0
2026-09-01,9,10068,1,22,610_1,4,449,148,81,0
2026-09-01,9,10068,1,23,609_1,4,537,171,102,0
2026-09-01,9,10068,1,24,608_1,6,1090,225,139,0
2026-09-01,9,10068,1,25,607_1,6,990,205,124,0
2026-09-01,9,10068,1,26,606_1,7,1257,231,131,0
2026-09-01,9,10068,1,27,249_1,8,637,137,37,0
2026-09-01,9,10068,1,28,250_1,8,821,160,60,0
2026-09-01,9,10068,1,29,251_1,8,445,113,13,0
2026-09-01,9,10068,1,30,152_2,8,493,119,19,0
2026-09-01,9,10068,1,31,151_1,8,909,171,71,0
2026-09-01,9,10068,1,32,150_1,8,941,175,75,0
2026-09-01,9,10068,1,33,252_1,8,1381,230,130,0
2026-09-01,9,10068,1,34,186_1,7,1079,214,114,0
2026-09-01,9,10068,1,35,253_1,9,1441,696,57,1
2026-09-01,9,10068,1,36,53_1,10,2168,720,53,2
2026-09-01,9,10068,1,37,254_1,11,3389,767,100,3
2026-09-01,9,10068,1,38,4_4,11,2949,727,60,3
2026-09-01,9,10068,1,39,6059_1,11,2366,674,7,3
2026-09-01,9,10068,1,40,3_1,11,3026,734,67,3
2026-09-01,9,10068,1,41,73_1,9,1963,628,0,3
2026-09-01,9,10068,1,42,128_1,5,2138,686,58,3
2026-09-01,9,10068,1,43,114_5,5,2111,563,0,4
2026-09-01,9,10072,0,5,55_4,2,204,116,88,0
2026-09-01,9,10072,0,6,69_2,3,396,192,88,0
2026-09-01,9,10072,0,7,68_2,3,396,192,88,0
2026-09-01,9,10072,0,8,67_2,3,220,132,32,0
2026-09-01,9,10072,0,9,65_2,3,430,161,132,0
2026-09-01,9,10072,0,10,204_2,3,406,153,124,0
2026-09-01,9,10072,0,11,255_2,3,607,220,191,0
2026-09-01,9,10072,0,12,205_2,3,448,167,138,0
2026-09-01,9,10072,0,13,206_2,3,376,143,114,0
2026-09-01,9,10072,0,14,863_3,3,100,51,22,0
2026-09-01,9,10072,0,15,209_2,3,552,209,163,0
2026-09-01,9,10072,0,16,210_2,3,596,216,170,0
2026-09-01,9,10072,0,17,211_2,3,527,193,147,0
2026-09-01,9,10072,0,18,212_2,3,647,233,187,0
2026-09-01,9,10072,0,19,615_2,3,812,290,238,0
2026-09-01,9,10072,0,20,7213_2,3,681,247,193,0
2026-09-01,9,10072,0,21,214_2,4,418,122,68,0
2026-09-01,9,10072,0,22,215_2,4,416,123,69,0
2026-09-01,9,10072,0,23,216_2,4,538,155,101,0
2026-09-01,9,10072,0,24,752_2,4,492,144,90,0
2026-09-01,9,10072,0,25,7217_2,4,164,62,8,0
2026-09-01,9,10072,0,26,422_1,4,300,96,42,0
2026-09-01,9,10072,0,27,421_1,4,220,76,22,0
2026-09-01,9,10072,0,28,6163_1,4,216,75,21,0
2026-09-01,9,10072,0,29,419_1,4,188,68,14,0
2026-09-01,9,10072,0,30,418_1,4,456,135,81,0
2026-09-01,9,10072,0,31,440_1,4,760,255,100,0
2026-09-01,9,10072,0,32,6236_1,4,1108,342,187,2
2026-09-01,9,10072,0,33,6109_1,4,660,222,78,0
2026-09-01,9,10072,1,26,67_1,1,583,583,583,1
2026-09-01,9,10072,1,27,68_1,3,1677,608,498,3
2026-09-01,9,10072,1,28,69_1,4,1818,494,384,4
2026-09-01,9,10072,1,29,55_1,4,1962,530,420,4
2026-09-01,9,10072,1,30,56_1,4,1983,554,419,4
2026-09-01,9,10072,1,31,57_1,4,1947,538,403,4
2026-09-01,9,10072,1,32,59_1,4,1886,523,388,4
2026-09-01,9,10072,1,33,61_2,4,1510,429,294,3
2026-09-01,9,10075,1,5,216_1,2,27,27,0,0
2026-09-01,9,10075,1,6,215_1,3,23,13,0,0
2026-09-01,9,10075,1,7,214_1,4,48,39,0,0
2026-09-01,9,10075,1,8,7213_1,4,42,37,0,0
2026-09-01,9,10075,1,9,615_1,4,234,85,48,0
2026-09-01,9,10075,1,10,212_1,4,150,64,27,0
2026-09-01,9,10075,1,11,211_1,4,282,97,60,0
2026-09-01,9,10075,1,12,210_1,4,202,77,40,0
2026-09-01,9,10075,1,13,209_1,4,594,175,138,0
2026-09-01,9,10075,1,14,863_1,4,398,126,89,0
2026-09-01,9,10075,1,15,206_1,4,714,205,168,0
2026-09-01,9,10075,1,16,205_1,4,654,190,153,0
2026-09-01,9,10075,1,17,255_1,4,674,195,158,0
2026-09-01,9,10075,1,18,204_1,4,642,187,150,0
2026-09-01,9,10075,1,19,65_1,4,627,217,123,0
2026-09-01,9,10075,1,20,67_1,4,973,283,189,0
2026-09-01,9,10075,1,21,68_1,4,1091,314,212,2
2026-09-01,9,10075,1,22,69_1,4,631,198,98,0
2026-09-01,9,10075,1,23,55_1,4,775,234,134,0
2026-09-01,9,10075,1,24,56_1,4,796,254,133,0
2026-09-01,9,10075,1,25,57_1,4,760,245,117,0
2026-09-01,9,10075,1,26,59_1,4,699,229,102,0
2026-09-01,9,10075,1,27,61_2,4,323,135,8,0
2026-09-01,9,10078,0,17,210_2,2,535,285,250,0
2026-09-01,9,10078,0,18,211_2,2,489,262,227,0
2026-09-01,9,10078,0,19,212_2,3,913,344,267,2
2026-09-01,9,10078,0,20,615_2,3,1078,401,318,3
2026-09-01,9,10078,0,21,7213_2,3,1127,418,333,3
2026-09-01,9,10078,0,22,214_2,4,993,288,208,0
2026-09-01,9,10078,0,23,215_2,4,991,286,209,0
2026-09-01,9,10078,0,24,216_2,4,1113,312,241,1
2026-09-01,9,10078,0,25,752_2,4,1067,299,230,0
2026-09-01,9,10078,0,26,7217_2,4,739,217,148,0
2026-09-01,9,10078,0,27,422_1,4,875,251,182,0
2026-09-01,9,10078,0,28,421_1,4,795,231,162,0
2026-09-01,9,10078,0,29,6163_1,4,791,230,161,0
2026-09-01,9,10078,0,30,419_1,4,763,223,154,0
2026-09-01,9,10078,0,31,418_1,4,1031,290,221,0
2026-09-01,9,10078,0,32,440_1,4,1335,418,240,2
2026-09-01,9,10078,0,33,6236_1,4,1683,505,327,4
2026-09-01,9,10078,0,34,6109_1,6,1829,395,218,3
2026-09-01,9,10081,0,11,6079_1,1,417,417,417,1
2026-09-01,10,10032,1,51,57_1,1,363,363,363,1
2026-09-01,10,10032,1,52,59_1,3,960,348,274,2
2026-09-01,10,10032,1,53,61_1,4,779,258,89,0
2026-09-01,10,10068,1,42,128_1,4,347,118,58,0
2026-09-01,10,10068,1,43,114_5,1,0,0,0,0
2026-09-01,13,10032,0,20,446_4,1,227,227,227,0
2026-09-01,13,10032,0,21,6161_2,1,151,151,151,0
2026-09-01,13,10032,0,22,6001_2,1,167,167,167,0
2026-09-01,13,10032,1,14,6094_1,1,20,20,20,0
2026-09-01,13,10032,1,15,6256_1,1,24,24,24,0
2026-09-01,13,10032,1,48,72_2,1,318,318,318,1
2026-09-01,13,10032,1,49,55_1,1,300,300,300,1
2026-09-01,13,10032,1,50,56_1,1,310,310,310,1
2026-09-01,13,10033,0,8,6074_2,1,316,316,316,1
2026-09-01,13,10033,0,9,6169_2,1,263,263,263,0
2026-09-01,13,10033,0,10,6260_1,2,576,298,278,0
2026-09-01,13,10047,0,5,55_2,1,186,186,186,0
2026-09-01,13,10047,1,29,6166_1,1,83,83,83,0
2026-09-01,13,10047,1,30,6143_1,1,96,96,96,0
2026-09-01,13,10047,1,31,6241_1,2,215,115,100,0
2026-09-01,13,10049,0,2,6016_1,1,0,0,0,0
2026-09-01,13,10049,0,3,93_1,1,0,0,0,0
2026-09-01,13,10049,0,4,94_1,1,0,0,0,0
2026-09-01,13,10049,0,5,6242_1,1,0,0,0,0
2026-09-01,13,10049,0,6,6064_1,1,0,0,0,0
2026-09-01,13,10049,0,16,6246_2,1,208,208,208,0
2026-09-01,13,10049,0,17,6206_2,1,193,193,193,0
2026-09-01,13,10049,0,18,6176_2,1,213,213,213,0
2026-09-01,13,10049,1,9,6225_1,1,0,0,0,0
2026-09-01,13,10051,0,9,6017_2,1,135,135,135,0
2026-09-01,13,10051,0,10,6172_2,1,132,132,132,0
2026-09-01,13,10051,0,11,6067_2,2,295,161,134,0
2026-09-01,13,10051,1,11,6013_1,1,103,103,103,0
2026-09-01,13,10051,1,12,93_2,2,306,157,149,0
2026-09-01,13,10054,0,2,6402_9,1,0,0,0,0
2026-09-01,13,10054,0,3,6271_9,1,0,0,0,0
2026-09-01,13,10054,0,4,6292_1,1,0,0,0,0
2026-09-01,13,10054,1,4,6403_1,1,236,236,236,0
2026-09-01,13,10054,1,5,6293_1,1,92,92,92,0
2026-09-01,13,10060,1,9,6205_1,1,46,46,46,0
2026-09-01,13,10060,1,10,6212_1,1,69,69,69,0
2026-09-01,13,10060,1,11,6013_1,2,80,57,23,0
2026-09-01,13,10060,1,25,9_2,1,57,57,57,0
2026-09-01,13,10061,0,12,6241_2,1,131,131,131,0
2026-09-01,13,10061,0,13,6143_2,1,101,101,101,0
2026-09-01,13,10061,0,14,6166_2,1,93,93,93,0
2026-09-01,13,10061,0,29,6011_4,1,223,223,223,0
2026-09-01,13,10061,0,30,6017_2,2,492,269,223,0
2026-09-01,13,10061,0,31,6172_2,1,220,220,220,0
2026-09-01,13,10064,0,4,6902_2,1,48,48,48,0
2026-09-01,13,10064,0,5,6006_2,1,80,80,80,0
2026-09-01,13,10064,0,6,6229_2,1,117,117,117,0
2026-09-01,13,10064,1,1,6073_1,1,122,122,122,0
2026-09-01,13,10068,0,2,73_1,1,0,0,0,0
2026-09-01,13,10068,0,13,151_2,1,101,101,101,0
2026-09-01,13,10068,0,14,152_3,2,75,51,24,0
2026-09-01,13,10068,0,15,251_2,2,71,49,22,0
2026-09-01,13,10068,0,35,7217_2,1,105,105,105,0
2026-09-01,13,10068,0,36,422_1,1,147,147,147,0
2026-09-01,13,10068,1,1,6109_1,2,63,63,0,0
2026-09-01,13,10068,1,2,6236_2,1,55,55,55,0
2026-09-01,13,10068,1,18,210_1,1,235,235,235,0
2026-09-01,13,10068,1,19,6023_3,1,365,365,365,1
2026-09-01,13,10072,0,3,57_2,1,17,17,17,0
2026-09-01,13,10072,0,4,56_2,2,60,33,27,0
2026-09-01,13,10072,0,15,209_2,1,236,236,236,0
2026-09-01,13,10072,1,8,422_2,1,167,167,167,0
2026-09-01,13,10072,1,26,67_1,1,316,316,316,1
2026-09-01,13,10072,1,27,68_1,1,315,315,315,1
2026-09-01,13,10082,0,7,427_1,1,264,264,264,0
2026-09-01,13,10082,0,8,428_1,2,313,185,128,0
2026-09-01,14,10032,0,21,6161_2,1,201,201,201,0
2026-09-01,14,10032,0,22,6001_2,1,217,217,217,0
2026-09-01,14,10032,0,23,6160_2,2,350,200,150,0
2026-09-01,14,10032,0,24,6162_2,3,676,292,167,0
2026-09-01,14,10032,0,25,6041_2,3,793,331,206,1
2026-09-01,14,10032,0,26,243_2,3,784,328,203,1
2026-09-01,14,10032,0,27,6228_2,3,775,325,200,1
2026-09-01,14,10032,0,28,95_2,3,652,284,159,0
2026-09-01,14,10032,0,29,94_3,3,601,267,142,0
2026-09-01,14,10032,0,30,93_2,3,490,230,105,0
2026-09-01,14,10032,0,31,6016_2,3,577,249,139,0
2026-09-01,14,10032,0,32,91_1,3,325,165,55,0
2026-09-01,14,10032,0,33,6016_1,3,475,215,105,0
2026-09-01,14,10032,0,34,93_1,3,547,239,129,0
2026-09-01,14,10032,0,35,94_1,3,685,285,175,0
2026-09-01,14,10032,0,36,6242_1,3,778,316,206,1
2026-09-01,14,10032,0,37,6064_1,3,817,329,219,1
2026-09-01,14,10032,0,38,6255_2,3,940,370,260,2
2026-09-01,14,10032,0,39,6256_2,3,1033,401,291,2
2026-09-01,14,10032,0,40,6094_2,3,970,380,270,2
2026-09-01,14,10032,0,41,6244_2,3,880,350,240,1
2026-09-01,14,10032,0,42,6257_2,3,862,344,234,1
2026-09-01,14,10032,0,43,6240_2,3,985,385,275,2
2026-09-01,14,10032,0,44,6258_2,3,925,365,255,2
2026-09-01,14,10032,0,45,6225_2,3,898,356,246,1
2026-09-01,14,10032,0,46,6181_2,3,838,336,226,1
2026-09-01,14,10032,0,47,6246_2,3,919,362,252,2
2026-09-01,14,10032,0,48,6206_2,3,852,336,226,1
2026-09-01,14,10032,0,49,6176_2,3,882,341,231,2
2026-09-01,14,10032,0,50,6200_3,4,1241,376,260,2
2026-09-01,14,10032,0,51,6042_2,4,1093,339,223,2
2026-09-01,14,10032,0,52,6031_2,4,977,306,196,1
2026-09-01,14,10032,0,53,6039_1,4,722,243,132,0
2026-09-01,14,10032,1,16,6255_1,2,51,39,12,0
2026-09-01,14,10032,1,17,6064_2,3,173,79,42,0
2026-09-01,14,10032,1,18,6242_2,3,206,90,53,0
2026-09-01,14,10032,1,19,94_4,4,493,150,107,0
2026-09-01,14,10032,1,20,93_2,4,549,164,121,0
2026-09-01,14,10032,1,21,6016_2,4,670,198,140,0
2026-09-01,14,10032,1,22,91_4,1,0,0,0,0
2026-09-01,14,10032,1,23,6016_1,1,37,37,37,0
2026-09-01,14,10032,1,24,93_1,1,61,61,61,0
2026-09-01,14,10032,1,25,94_2,1,12,12,12,0
2026-09-01,14,10032,1,26,95_1,1,12,12,12,0
2026-09-01,14,10032,1,27,6228_1,1,41,41,41,0
2026-09-01,14,10032,1,28,243_1,1,115,115,115,0
2026-09-01,14,10032,1,29,6041_1,1,143,143,143,0
2026-09-01,14,10032,1,30,6162_1,1,98,98,98,0
2026-09-01,14,10032,1,31,6160_1,1,82,82,82,0
2026-09-01,14,10032,1,32,6001_1,1,45,45,45,0
2026-09-01,14,10032,1,33,6161_1,1,35,35,35,0
2026-09-01,14,10032,1,34,446_3,1,45,45,45,0
2026-09-01,14,10032,1,35,6166_1,2,109,57,52,0
2026-09-01,14,10032,1,36,6143_1,2,140,75,65,0
2026-09-01,14,10032,1,37,6241_1,3,210,79,62,0
2026-09-01,14,10032,1,38,9_2,4,106,43,0,0
2026-09-01,14,10032,1,39,6057_1,4,155,54,16,0
2026-09-01,14,10032,1,40,6069_1,4,131,48,10,0
2026-09-01,14,10032,1,41,6102_1,4,315,94,56,0
2026-09-01,14,10032,1,42,6070_2,4,127,47,9,0
2026-09-01,14,10032,1,43,393_1,4,76,33,0,0
2026-09-01,14,10032,1,44,114_1,1,0,0,0,0
2026-09-01,14,10032,1,45,114_3,1,69,69,69,0
2026-09-01,14,10032,1,46,3_1,1,213,213,213,0
2026-09-01,14,10032,1,47,73_1,2,412,212,200,0
2026-09-01,14,10032,1,48,72_2,2,761,472,289,1
2026-09-01,14,10032,1,49,55_1,3,1254,502,271,2
2026-09-01,14,10032,1,50,56_1,3,1284,512,281,2
2026-09-01,14,10032,1,51,57_1,4,2281,631,429,4
2026-09-01,14,10032,1,52,59_1,4,2089,583,381,4
2026-09-01,14,10032,1,53,61_1,4,1429,418,216,3
2026-09-01,14,10033,0,11,7475_1,3,531,184,164,0
2026-09-01,14,10047,0,6,72_1,2,377,212,165,0
2026-09-01,14,10047,0,7,73_2,3,559,214,149,0
2026-09-01,14,10047,0,8,73_3,3,634,239,174,0
2026-09-01,14,10047,0,9,3_2,3,691,258,193,0
2026-09-01,14,10047,0,10,114_4,3,184,89,24,0
2026-09-01,14,10047,0,11,393_2,3,310,131,66,0
2026-09-01,14,10047,0,12,6070_3,3,355,146,81,0
2026-09-01,14,10047,0,13,6102_2,3,286,123,58,0
2026-09-01,14,10047,0,14,6069_2,3,394,159,94,0
2026-09-01,14,10047,0,15,6057_2,3,289,124,59,0
2026-09-01,14,10047,0,16,9_5,3,304,129,64,0
2026-09-01,14,10047,0,17,6241_2,3,441,178,99,0
2026-09-01,14,10047,0,18,6143_2,3,347,148,67,0
2026-09-01,14,10047,0,19,6166_2,3,307,140,51,0
2026-09-01,14,10047,0,20,446_4,3,542,242,78,0
2026-09-01,14,10047,0,21,6161_2,3,544,276,52,0
2026-09-01,14,10047,0,22,6001_2,3,591,291,68,0
2026-09-01,14,10047,0,23,6160_2,3,563,297,51,0
2026-09-01,14,10047,0,24,6162_2,3,614,314,68,1
2026-09-01,14,10047,0,25,6041_2,3,731,353,107,1
2026-09-01,14,10047,0,26,243_2,3,722,350,104,1
2026-09-01,14,10047,0,27,6228_2,3,713,347,101,1
2026-09-01,14,10047,0,28,95_2,3,590,306,60,1
2026-09-01,14,10047,0,29,94_3,3,539,289,43,0
2026-09-01,14,10047,0,30,6242_1,3,650,326,80,1
2026-09-01,14,10047,0,31,6064_1,3,689,339,93,1
2026-09-01,14,10047,0,32,6255_2,3,812,380,134,1
2026-09-01,14,10047,0,33,6256_2,3,905,411,165,2
2026-09-01,14,10047,0,34,6094_2,3,842,390,144,2
2026-09-01,14,10047,0,35,6244_2,3,752,360,114,1
2026-09-01,14,10047,0,36,6257_2,3,734,354,108,1
2026-09-01,14,10047,0,37,6240_2,3,857,395,149,2
2026-09-01,14,10047,0,38,6258_2,3,797,375,129,1
2026-09-01,14,10047,0,39,6225_2,3,770,366,120,1
2026-09-01,14,10047,0,40,6181_2,3,710,346,100,1
2026-09-01,14,10047,0,41,6246_2,3,791,372,126,1
2026-09-01,14,10047,0,42,6206_2,3,724,346,100,1
2026-09-01,14,10047,0,43,6176_2,3,754,351,105,1
2026-09-01,14,10047,0,44,6200_3,4,987,386,134,2
2026-09-01,14,10047,0,45,6042_2,4,839,349,97,1
2026-09-01,14,10047,0,46,6031_2,4,723,316,70,1
2026-09-01,14,10047,0,47,6039_1,4,468,253,6,0
2026-09-01,14,10047,1,32,9_2,3,207,76,57,0
2026-09-01,14,10047,1,33,6057_1,3,240,87,68,0
2026-09-01,14,10047,1,34,6069_1,4,255,81,33,0
2026-09-01,14,10047,1,35,6102_1,4,439,127,79,0
2026-09-01,14,10047,1,36,6070_2,4,251,80,32,0
2026-09-01,14,10047,1,37,393_1,4,195,66,18,0
2026-09-01,14,10047,1,38,114_1,4,78,33,0,0
2026-09-01,14,10047,1,39,114_3,4,354,102,69,0
2026-09-01,14,10047,1,40,3_1,4,930,246,213,0
2026-09-01,14,10047,1,41,73_1,4,914,245,212,0
2026-09-01,14,10047,1,42,72_2,4,1783,505,320,4
2026-09-01,14,10047,1,43,55_1,4,1685,488,302,4
2026-09-01,14,10047,1,44,56_1,4,1703,498,312,4
2026-09-01,14,10047,1,45,57_1,4,2179,617,431,4
2026-09-01,14,10047,1,46,59_1,4,1987,569,383,4
2026-09-01,14,10047,1,47,61_1,4,1327,404,218,3
2026-09-01,14,10049,0,7,6255_2,1,0,0,0,0
2026-09-01,14,10049,0,8,6256_2,1,0,0,0,0
2026-09-01,14,10049,0,9,6094_2,1,0,0,0,0
2026-09-01,14,10049,0,10,6244_2,1,0,0,0,0
2026-09-01,14,10049,0,11,6257_2,1,0,0,0,0
2026-09-01,14,10049,0,12,6240_2,1,0,0,0,0
2026-09-01,14,10049,0,13,6258_2,1,0,0,0,0
2026-09-01,14,10049,0,14,6225_2,1,0,0,0,0
2026-09-01,14,10049,0,15,6181_2,1,0,0,0,0
2026-09-01,14,10049,0,16,6246_2,1,0,0,0,0
2026-09-01,14,10049,0,17,6206_2,1,0,0,0,0
2026-09-01,14,10049,0,18,6176_2,1,0,0,0,0
2026-09-01,14,10049,0,19,6200_3,3,427,242,0,0
2026-09-01,14,10049,0,20,6042_2,3,353,205,0,0
2026-09-01,14,10049,0,21,6031_2,3,303,180,0,0
2026-09-01,14,10049,0,22,6039_1,4,226,116,0,0
2026-09-01,14,10049,1,10,6258_1,1,0,0,0,0
2026-09-01,14,10049,1,11,6240_1,2,0,0,0,0
2026-09-01,14,10049,1,12,6257_1,2,0,0,0,0
2026-09-01,14,10049,1,13,6244_1,2,0,0,0,0
2026-09-01,14,10049,1,14,6094_1,3,0,0,0,0
2026-09-01,14,10049,1,15,6256_1,3,0,0,0,0
2026-09-01,14,10049,1,16,6255_1,3,0,0,0,0
2026-09-01,14,10049,1,17,6064_2,3,0,0,0,0
2026-09-01,14,10049,1,18,6242_2,3,0,0,0,0
2026-09-01,14,10049,1,19,94_4,3,0,0,0,0
2026-09-01,14,10049,1,20,93_2,3,0,0,0,0
2026-09-01,14,10049,1,21,6016_2,3,0,0,0,0
2026-09-01,14,10049,1,22,91_1,3,0,0,0,0
2026-09-01,14,10050,0,1,91_4,1,0,0,0,0
2026-09-01,14,10050,0,2,6016_1,2,83,46,37,0
2026-09-01,14,10050,0,3,93_1,2,131,70,61,0
2026-09-01,14,10050,0,4,6013_2,2,93,51,42,0
2026-09-01,14,10050,0,5,6212_2,2,119,64,55,0
2026-09-01,14,10050,0,6,6205_2,2,161,85,76,0
2026-09-01,14,10050,0,7,6187_3,2,181,95,86,0
2026-09-01,14,10050,0,8,6011_2,2,175,92,83,0
2026-09-01,14,10050,0,9,6018_2,2,163,86,77,0
2026-09-01,14,10050,0,10,6190_2,2,257,133,124,0
2026-09-01,14,10050,0,11,6171_2,2,181,95,86,0
2026-09-01,14,10050,0,12,6014_3,1,0,0,0,0
2026-09-01,14,10050,1,1,6014_1,1,6,6,6,0
2026-09-01,14,10050,1,2,6171_1,1,36,36,36,0
2026-09-01,14,10050,1,3,6190_1,1,16,16,16,0
2026-09-01,14,10050,1,4,6018_1,1,0,0,0,0
2026-09-01,14,10050,1,5,6011_3,1,0,0,0,0
2026-09-01,14,10050,1,6,6187_2,1,27,27,27,0
2026-09-01,14,10050,1,7,6205_1,1,14,14,14,0
2026-09-01,14,10050,1,8,6212_1,1,14,14,14,0
2026-09-01,14,10050,1,9,6013_1,1,0,0,0,0
2026-09-01,14,10050,1,10,93_2,1,104,104,104,0
2026-09-01,14,10050,1,11,6016_2,1,123,123,123,0
2026-09-01,14,10050,1,12,91_4,1,0,0,0,0
2026-09-01,14,10051,0,12,6248_2,2,285,156,129,0
2026-09-01,14,10051,0,13,6249_2,3,450,163,130,0
2026-09-01,14,10051,0,14,6015_2,3,267,102,69,0
2026-09-01,14,10051,1,13,6016_2,3,633,259,183,0
2026-09-01,14,10051,1,14,91_4,3,222,122,46,0
2026-09-01,14,10054,0,1,6293_1,1,0,0,0,0
2026-09-01,14,10054,0,2,6402_9,2,28,15,13,0
2026-09-01,14,10054,0,3,6271_9,1,0,0,0,0
2026-09-01,14,10054,0,4,6292_1,2,0,0,0,0
2026-09-01,14,10054,1,1,6292_1,1,0,0,0,0
2026-09-01,14,10054,1,2,6271_1,2,0,0,0,0
2026-09-01,14,10054,1,3,6402_1,2,0,0,0,0
2026-09-01,14,10054,1,4,6403_1,2,0,0,0,0
2026-09-01,14,10054,1,5,6293_1,2,0,0,0,0
2026-09-01,14,10059,0,1,91_3,1,0,0,0,0
2026-09-01,14,10059,0,2,7841_4,2,182,95,87,0
2026-09-01,14,10059,0,3,6170_2,2,230,119,111,0
2026-09-01,14,10059,0,4,6902_2,2,324,166,158,0
2026-09-01,14,10059,0,5,6006_2,2,368,188,180,0
2026-09-01,14,10059,0,6,6229_2,2,413,217,196,0
2026-09-01,14,10059,0,7,6074_2,2,394,217,177,0
2026-09-01,14,10059,0,8,6169_2,2,293,176,117,0
2026-09-01,14,10059,0,9,6260_1,2,320,191,129,0
2026-09-01,14,10059,0,10,7475_1,3,114,77,15,0
2026-09-01,14,10059,1,1,7475_1,1,0,0,0,0
2026-09-01,14,10059,1,2,6260_2,2,147,82,65,0
2026-09-01,14,10059,1,3,6169_1,2,221,119,102,0
2026-09-01,14,10059,1,4,6405_1,2,273,145,128,0
2026-09-01,14,10059,1,5,6074_1,2,241,129,112,0
2026-09-01,14,10059,1,6,6229_1,2,283,150,133,0
2026-09-01,14,10059,1,7,6006_1,2,271,144,127,0
2026-09-01,14,10059,1,8,6902_1,2,349,183,166,0
2026-09-01,14,10059,1,9,6170_1,2,317,167,150,0
2026-09-01,14,10059,1,10,7841_2,2,415,216,199,0
2026-09-01,14,10059,1,11,91_3,1,0,0,0,0
2026-09-01,14,10060,1,12,94_2,1,0,0,0,0
2026-09-01,14,10060,1,13,95_1,2,6,6,0,0
2026-09-01,14,10060,1,14,6228_1,2,64,35,29,0
2026-09-01,14,10060,1,15,243_1,2,212,109,103,0
2026-09-01,14,10060,1,16,6041_1,2,268,137,131,0
2026-09-01,14,10060,1,17,6162_1,2,178,92,86,0
2026-09-01,14,10060,1,18,6160_1,2,146,76,70,0
2026-09-01,14,10060,1,19,6001_1,2,72,39,33,0
2026-09-01,14,10060,1,20,6161_1,2,52,29,23,0
2026-09-01,14,10060,1,21,446_3,2,72,39,33,0
2026-09-01,14,10060,1,22,6166_1,3,136,51,40,0
2026-09-01,14,10060,1,23,6143_1,3,185,69,53,0
2026-09-01,14,10060,1,24,6241_1,4,230,67,50,0
2026-09-01,14,10060,1,25,9_2,4,70,31,0,0
2026-09-01,14,10060,1,26,8_3,5,92,40,0,0
2026-09-01,14,10060,1,27,6_1,7,195,54,12,0
2026-09-01,14,10060,1,28,902_1,8,355,71,29,0
2026-09-01,14,10060,1,29,5_1,8,109,40,0,0
2026-09-01,14,10060,1,30,4_1,8,293,63,23,0
2026-09-01,14,10060,1,31,6059_1,8,565,97,57,0
2026-09-01,14,10060,1,32,3_1,8,565,97,57,0
2026-09-01,14,10060,1,33,73_1,8,533,84,56,0
2026-09-01,14,10060,1,34,128_1,8,789,112,86,0
2026-09-01,14,10060,1,35,114_5,6,229,63,0,0
2026-09-01,14,10061,0,4,114_5,1,0,0,0,0
2026-09-01,14,10061,0,5,3_3,2,299,154,145,0
2026-09-01,14,10061,0,6,4_5,2,271,140,131,0
2026-09-01,14,10061,0,7,5_3,2,351,180,171,0
2026-09-01,14,10061,0,8,902_2,2,335,172,163,0
2026-09-01,14,10061,0,9,6_2,2,311,160,151,0
2026-09-01,14,10061,0,10,8_1,2,277,143,134,0
2026-09-01,14,10061,0,11,9_5,2,77,43,34,0
2026-09-01,14,10061,0,12,6241_2,3,248,101,69,0
2026-09-01,14,10061,0,13,6143_2,3,154,71,37,0
2026-09-01,14,10061,0,14,6166_2,3,114,63,21,0
2026-09-01,14,10061,0,15,446_4,6,677,195,48,0
2026-09-01,14,10061,0,16,6161_2,7,827,226,22,0
2026-09-01,14,10061,0,17,6001_2,7,937,241,38,0
2026-09-01,14,10061,0,18,6160_2,7,864,247,21,0
2026-09-01,14,10061,0,19,6162_2,7,983,264,38,0
2026-09-01,14,10061,0,20,6041_2,7,1256,303,77,1
2026-09-01,14,10061,0,21,243_2,7,1235,300,74,1
2026-09-01,14,10061,0,22,6228_2,7,1214,297,71,0
2026-09-01,14,10061,0,23,95_2,7,927,256,30,0
2026-09-01,14,10061,0,24,94_3,7,808,239,13,0
2026-09-01,14,10061,0,25,6013_2,7,780,235,9,0
2026-09-01,14,10061,0,26,6212_2,7,871,248,22,0
2026-09-01,14,10061,0,27,6205_2,7,1018,269,43,0
2026-09-01,14,10061,0,28,6187_3,7,1088,279,53,0
2026-09-01,14,10061,0,29,6011_4,7,1353,322,96,1
2026-09-01,14,10061,0,30,6017_2,8,1693,367,114,2
2026-09-01,14,10061,0,31,6172_2,9,1912,359,110,2
2026-09-01,14,10061,0,32,6067_2,11,2458,358,112,3
2026-09-01,14,10061,0,33,6248_2,11,2403,353,107,2
2026-09-01,14,10061,0,34,6249_2,12,2712,359,108,2
2026-09-01,14,10061,0,35,6015_2,12,1980,298,47,0
2026-09-01,14,10064,0,6,6229_2,1,156,156,156,0
2026-09-01,14,10064,0,7,6074_2,2,273,156,117,0
2026-09-01,14,10064,0,8,6169_2,2,179,115,64,0
2026-09-01,14,10064,0,9,6263_2,3,197,121,6,0
2026-09-01,14,10064,0,10,6196_2,3,163,107,0,0
2026-09-01,14,10064,0,11,6134_2,4,205,120,3,0
2026-09-01,14,10064,0,12,6106_2,4,209,121,4,0
2026-09-01,14,10064,0,13,6020_9,4,225,125,8,0
2026-09-01,14,10064,0,14,6019_1,2,27,27,0,0
2026-09-01,14,10064,0,15,6043_9,1,0,0,0,0
2026-09-01,14,10064,0,16,6188_1,1,0,0,0,0
2026-09-01,14,10064,0,17,6073_2,2,158,98,60,0
2026-09-01,14,10064,0,18,6152_1,2,112,75,37,0
2026-09-01,14,10064,0,19,6300_2,2,44,41,3,0
2026-09-01,14,10064,0,20,6289_9,2,23,23,0,0
2026-09-01,14,10064,0,21,6301_9,2,18,18,0,0
2026-09-01,14,10064,1,2,6019_2,2,274,183,91,0
2026-09-01,14,10064,1,3,6020_1,2,320,206,114,0
2026-09-01,14,10064,1,4,6106_1,3,468,200,108,0
2026-09-01,14,10064,1,5,6134_1,3,435,189,97,0
2026-09-01,14,10064,1,6,6196_1,3,558,230,138,0
2026-09-01,14,10064,1,7,6263_1,3,525,219,127,0
2026-09-01,14,10064,1,8,6169_1,3,557,231,135,0
2026-09-01,14,10064,1,9,6405_1,3,635,257,161,0
2026-09-01,14,10064,1,10,6074_1,3,587,241,145,0
2026-09-01,14,10064,1,11,6229_1,3,650,262,166,0
2026-09-01,14,10064,1,12,6006_1,3,632,256,160,0
2026-09-01,14,10064,1,13,6902_1,3,749,295,199,0
2026-09-01,14,10064,1,14,6170_1,3,701,279,183,0
2026-09-01,14,10064,1,15,7841_2,3,848,328,232,1
2026-09-01,14,10064,1,16,91_2,3,296,144,48,0
2026-09-01,14,10068,0,3,128_1,2,58,30,28,0
2026-09-01,14,10068,0,4,114_5,1,0,0,0,0
2026-09-01,14,10068,0,5,3_3,1,145,145,145,0
2026-09-01,14,10068,0,6,4_3,1,197,197,197,0
2026-09-01,14,10068,0,7,254_2,1,152,152,152,0
2026-09-01,14,10068,0,8,53_3,1,89,89,89,0
2026-09-01,14,10068,0,9,253_2,1,87,87,87,0
2026-09-01,14,10068,0,10,186_2,1,83,83,83,0
2026-09-01,14,10068,0,11,252_2,1,191,191,191,0
2026-09-01,14,10068,0,12,150_2,1,139,139,139,0
2026-09-01,14,10068,0,13,151_2,2,285,151,134,0
2026-09-01,14,10068,0,14,152_3,3,214,83,57,0
2026-09-01,14,10068,0,15,251_2,3,219,92,55,0
2026-09-01,14,10068,0,16,250_2,6,308,77,12,0
2026-09-01,14,10068,0,17,249_2,7,203,54,0,0
2026-09-01,14,10068,0,18,606_2,8,311,67,13,0
2026-09-01,14,10068,0,19,607_2,8,391,77,23,0
2026-09-01,14,10068,0,20,608_2,8,279,63,9,0
2026-09-01,14,10068,0,21,609_2,8,215,55,1,0
2026-09-01,14,10068,0,22,610_2,8,223,56,2,0
2026-09-01,14,10068,0,23,765_2,8,663,111,57,0
2026-09-01,14,10068,0,24,7717_2,8,519,93,39,0
2026-09-01,14,10068,0,25,6023_1,8,1023,156,102,0
2026-09-01,14,10068,0,26,210_2,8,1295,190,136,0
2026-09-01,14,10068,0,27,211_2,8,1179,170,120,0
2026-09-01,14,10068,0,28,212_2,7,1255,197,154,0
2026-09-01,14,10068,0,29,615_2,7,1696,260,217,0
2026-09-01,14,10068,0,30,7213_2,7,1416,220,177,0
2026-09-01,14,10068,0,31,214_2,7,870,142,99,0
2026-09-01,14,10068,0,32,215_2,7,905,147,104,0
2026-09-01,14,10068,0,33,216_2,7,1094,174,131,0
2026-09-01,14,10068,0,34,752_2,7,1115,177,134,0
2026-09-01,14,10068,0,35,7217_2,8,1029,153,96,0
2026-09-01,14,10068,0,36,422_1,8,1238,184,122,0
2026-09-01,14,10068,0,37,421_1,7,1092,191,113,0
2026-09-01,14,10068,0,38,6163_1,7,965,172,100,0
2026-09-01,14,10068,0,39,419_1,7,865,159,78,0
2026-09-01,14,10068,0,40,418_1,8,1060,171,90,0
2026-09-01,14,10068,0,41,440_1,8,1196,188,107,0
2026-09-01,14,10068,0,42,6236_1,8,1620,241,160,0
2026-09-01,14,10068,0,43,6109_1,8,884,149,68,0
2026-09-01,14,10068,1,2,6236_2,1,118,118,118,0
2026-09-01,14,10068,1,3,440_2,2,163,113,50,0
2026-09-01,14,10068,1,4,418_2,3,479,199,136,0
2026-09-01,14,10068,1,5,419_2,4,538,196,68,0
2026-09-01,14,10068,1,6,6163_2,4,554,200,72,0
2026-09-01,14,10068,1,7,421_2,4,598,211,83,0
2026-09-01,14,10068,1,8,422_2,4,474,171,43,0
2026-09-01,14,10068,1,9,7217_1,4,552,188,65,0
2026-09-01,14,10068,1,10,752_1,4,517,173,75,0
2026-09-01,14,10068,1,11,216_1,4,436,149,66,0
2026-09-01,14,10068,1,12,215_1,4,300,115,32,0
2026-09-01,14,10068,1,13,214_1,4,280,110,27,0
2026-09-01,14,10068,1,14,7213_1,4,260,105,22,0
2026-09-01,14,10068,1,15,615_1,4,472,158,75,0
2026-09-01,14,10068,1,16,212_1,4,232,98,15,0
2026-09-01,14,10068,1,17,211_1,4,440,150,67,0
2026-09-01,14,10068,1,18,210_1,4,1611,481,301,4
2026-09-01,14,10068,1,19,6023_3,5,2690,611,431,5
2026-09-01,14,10068,1,20,7717_1,6,3163,637,391,6
2026-09-01,14,10068,1,21,765_1,7,3927,669,425,7
2026-09-01,14,10068,1,22,610_1,7,3445,601,354,7
2026-09-01,14,10068,1,23,609_1,8,4008,607,360,8
2026-09-01,14,10068,1,24,608_1,8,4412,658,411,8
2026-09-01,14,10068,1,25,607_1,8,4132,622,375,8
2026-09-01,14,10068,1,26,606_1,8,4086,616,369,8
2026-09-01,14,10068,1,27,249_1,8,3326,521,274,7
2026-09-01,14,10068,1,28,250_1,8,3102,493,246,7
2026-09-01,14,10068,1,29,251_1,8,2886,466,219,6
2026-09-01,14,10068,1,30,152_2,8,3246,511,264,7
2026-09-01,14,10068,1,31,151_1,8,3510,544,297,7
2026-09-01,14,10068,1,32,150_1,8,3646,561,314,8
2026-09-01,14,10068,1,33,252_1,8,4086,616,369,8
2026-09-01,14,10068,1,34,186_1,8,3598,555,308,8
2026-09-01,14,10068,1,35,253_1,8,3510,544,297,7
2026-09-01,14,10068,1,36,53_1,8,3166,501,254,7
2026-09-01,14,10068,1,37,254_1,8,3398,530,283,7
2026-09-01,14,10068,1,38,4_4,8,3078,490,243,7
2026-09-01,14,10068,1,39,6059_1,6,2019,398,221,4
2026-09-01,14,10068,1,40,3_1,4,1619,458,281,3
2026-09-01,14,10068,1,41,73_1,4,1603,457,268,3
2026-09-01,14,10068,1,42,128_1,4,1731,490,296,3
2026-09-01,14,10068,1,43,114_5,4,677,271,0,0
2026-09-01,14,10072,0,5,55_4,4,778,218,176,0
2026-09-01,14,10072,0,6,69_2,4,670,191,149,0
2026-09-01,14,10072,0,7,68_2,4,798,223,181,0
2026-09-01,14,10072,0,8,67_2,4,698,198,156,0
2026-09-01,14,10072,0,9,65_2,4,854,237,195,0
2026-09-01,14,10072,0,10,204_2,4,670,191,149,0
2026-09-01,14,10072,0,11,255_2,4,1046,285,243,0
2026-09-01,14,10072,0,12,205_2,4,1002,274,232,0
2026-09-01,14,10072,0,13,206_2,4,906,250,208,0
2026-09-01,14,10072,0,14,863_3,4,394,122,80,0
2026-09-01,14,10072,0,15,209_2,4,605,171,126,0
2026-09-01,14,10072,0,16,210_2,6,1063,260,120,0
2026-09-01,14,10072,0,17,211_2,6,987,251,100,0
2026-09-01,14,10072,0,18,212_2,7,1304,278,127,0
2026-09-01,14,10072,0,19,615_2,8,1966,341,190,1
2026-09-01,14,10072,0,20,7213_2,8,1646,301,150,1
2026-09-01,14,10072,0,21,214_2,8,1022,223,72,0
2026-09-01,14,10072,0,22,215_2,8,1062,228,77,0
2026-09-01,14,10072,0,23,216_2,8,1278,255,104,0
2026-09-01,14,10072,0,24,752_2,8,1302,258,107,0
2026-09-01,14,10072,0,25,7217_2,8,1082,220,83,0
2026-09-01,14,10072,0,26,422_1,8,1298,262,95,0
2026-09-01,14,10072,0,27,421_1,8,1322,269,102,0
2026-09-01,14,10072,0,28,6163_1,7,1078,250,83,0
2026-09-01,14,10072,0,29,419_1,8,1060,237,70,0
2026-09-01,14,10072,0,30,418_1,8,1156,249,82,0
2026-09-01,14,10072,0,31,440_1,8,1292,266,99,0
2026-09-01,14,10072,0,32,6236_1,8,1716,319,152,1
2026-09-01,14,10072,0,33,6109_1,8,980,227,60,0
2026-09-01,14,10072,1,9,7217_1,2,327,184,143,0
2026-09-01,14,10072,1,10,752_1,3,435,169,128,0
2026-09-01,14,10072,1,11,216_1,3,363,145,104,0
2026-09-01,14,10072,1,12,215_1,4,403,142,70,0
2026-09-01,14,10072,1,13,214_1,4,383,137,65,0
2026-09-01,14,10072,1,14,7213_1,4,363,132,60,0
2026-09-01,14,10072,1,15,615_1,4,575,185,113,0
2026-09-01,14,10072,1,16,212_1,4,335,125,53,0
2026-09-01,14,10072,1,17,211_1,4,543,177,105,0
2026-09-01,14,10072,1,18,210_1,4,1714,508,324,4
2026-09-01,14,10072,1,19,209_1,4,2206,631,447,4
2026-09-01,14,10072,1,20,863_1,4,1938,564,380,4
2026-09-01,14,10072,1,21,206_1,4,2158,619,435,4
2026-09-01,14,10072,1,22,205_1,4,2178,624,440,4
2026-09-01,14,10072,1,23,255_1,4,2114,608,424,4
2026-09-01,14,10072,1,24,204_1,4,1950,567,383,4
2026-09-01,14,10072,1,25,65_1,4,2146,616,432,4
2026-09-01,14,10072,1,26,67_1,4,2259,649,446,4
2026-09-01,14,10072,1,27,68_1,4,2243,644,445,4
2026-09-01,14,10072,1,28,69_1,6,2248,520,215,4
2026-09-01,14,10072,1,29,55_1,7,2710,556,246,4
2026-09-01,14,10072,1,30,56_1,8,2992,544,234,4
2026-09-01,14,10072,1,31,57_1,8,3944,663,353,8
2026-09-01,14,10072,1,32,59_1,8,3560,615,305,8
2026-09-01,14,10072,1,33,61_2,8,2928,536,226,4
2026-09-01,14,10082,0,9,427_2,2,591,324,267,1
2026-09-01,14,10082,0,10,6168_2,2,607,332,275,1
2026-09-01,14,10082,0,11,6112_2,3,857,324,266,1
2026-09-01,14,10082,0,12,6180_2,3,875,330,272,1
2026-09-01,14,10082,0,13,6035_2,3,1517,544,486,3
2026-09-01,14,10082,0,14,6079_1,3,938,351,293,1
2026-09-01,15,10032,1,49,55_1,3,1336,455,434,3
2026-09-01,15,10032,1,50,56_1,3,1344,465,435,3
2026-09-01,15,10032,1,51,57_1,4,2101,584,400,4
2026-09-01,15,10032,1,52,59_1,4,1909,536,352,4
2026-09-01,15,10032,1,53,61_1,4,1249,371,187,3
2026-09-01,15,10068,0,36,422_1,1,191,191,191,0
2026-09-01,15,10068,0,37,421_1,4,680,198,143,0
2026-09-01,15,10068,0,38,6163_1,4,610,179,130,0
2026-09-01,15,10068,0,39,419_1,4,549,166,108,0
2026-09-01,15,10068,0,40,418_1,4,597,178,120,0
2026-09-01,15,10068,0,41,440_1,4,665,195,137,0
2026-09-01,15,10068,0,42,6236_1,4,877,248,190,0
2026-09-01,15,10068,0,43,6109_1,4,509,156,98,0
2026-09-01,15,10068,1,39,6059_1,2,883,468,415,2
2026-09-01,15,10068,1,40,3_1,4,1763,528,347,4
2026-09-01,15,10068,1,41,73_1,4,1747,527,334,4
2026-09-01,15,10068,1,42,128_1,4,1875,555,362,4
2026-09-01,15,10068,1,43,114_5,4,797,291,42,0
