date,hour,route_id,direction_id,stop_sequence,stop_id,n_obs,n_occ,sum_occ,max_occ
2026-09-03,7,10001,1,11,610_1,1,1,1,1
2026-09-03,7,10001,1,14,607_1,1,1,1,1
2026-09-03,7,10001,1,16,249_1,1,1,1,1
2026-09-03,7,10001,1,17,250_1,1,1,3,3
2026-09-03,7,10031,0,20,6041_2,1,1,1,1
2026-09-03,7,10031,0,22,6228_2,1,1,1,1
2026-09-03,7,10031,0,23,95_2,1,1,1,1
2026-09-03,7,10031,0,25,93_2,1,1,1,1
2026-09-03,7,10032,1,47,73_1,1,1,1,1
2026-09-03,7,10032,1,48,72_2,2,2,2,1
2026-09-03,7,10032,1,49,55_1,1,1,1,1
2026-09-03,7,10033,1,8,6033_2,1,1,1,1
2026-09-03,7,10033,1,9,6211_2,1,1,1,1
2026-09-03,7,10033,1,10,6170_1,1,1,1,1
2026-09-03,7,10033,1,11,7841_2,1,1,1,1
2026-09-03,7,10043,0,6,6147_2,1,1,1,1
2026-09-03,7,10047,1,1,6039_1,1,1,7,7
2026-09-03,7,10047,1,3,6042_1,1,1,1,1
2026-09-03,7,10047,1,5,6176_1,1,1,1,1
2026-09-03,7,10047,1,23,6041_1,1,1,1,1
2026-09-03,7,10047,1,25,6160_1,1,1,1,1
2026-09-03,7,10047,1,27,6161_1,1,1,1,1
2026-09-03,7,10047,1,28,446_3,1,1,1,1
2026-09-03,7,10049,1,7,6246_1,1,1,1,1
2026-09-03,7,10049,1,8,6181_1,1,1,1,1
2026-09-03,7,10049,1,10,6258_1,1,1,1,1
2026-09-03,7,10049,1,11,6240_1,1,1,1,1
2026-09-03,7,10050,0,1,91_4,1,1,3,3
2026-09-03,7,10050,0,2,6016_1,1,1,1,1
2026-09-03,7,10050,0,3,93_1,1,1,1,1
2026-09-03,7,10050,0,5,6212_2,1,1,1,1
2026-09-03,7,10050,1,2,6171_1,1,1,1,1
2026-09-03,7,10050,1,4,6018_1,1,1,1,1
2026-09-03,7,10050,1,6,6187_2,1,1,1,1
2026-09-03,7,10050,1,7,6205_1,1,1,1,1
2026-09-03,7,10051,1,1,6015_1,3,3,21,7
2026-09-03,7,10053,0,1,9_1,2,2,2,1
2026-09-03,7,10056,0,8,448_2,1,1,1,1
2026-09-03,7,10056,0,10,15_2,1,1,1,1
2026-09-03,7,10056,0,12,17_2,2,2,2,1
2026-09-03,7,10059,0,9,6260_1,1,1,1,1
2026-09-03,7,10059,1,1,7475_1,2,2,0,0
2026-09-03,7,10060,0,6,6070_3,2,2,2,1
2026-09-03,7,10060,0,8,6069_2,1,1,1,1
2026-09-03,7,10060,0,11,6241_2,1,1,1,1
2026-09-03,7,10060,1,2,6249_1,1,1,1,1
2026-09-03,7,10060,1,4,6067_1,1,1,1,1
2026-09-03,7,10060,1,9,6205_1,1,1,1,1
2026-09-03,7,10060,1,11,6013_1,1,1,3,3
2026-09-03,7,10060,1,12,94_2,2,2,6,3
2026-09-03,7,10060,1,24,6241_1,1,1,3,3
2026-09-03,7,10060,1,25,9_2,1,1,3,3
2026-09-03,7,10060,1,26,8_3,2,2,2,1
2026-09-03,7,10062,0,2,7841_4,2,2,2,1
2026-09-03,7,10062,1,14,7841_2,1,1,3,3
2026-09-03,7,10062,1,15,91_2,1,1,3,3
2026-09-03,7,10066,1,1,6145_1,1,1,1,1
2026-09-03,7,10066,1,4,6149_9,1,1,1,1
2026-09-03,7,10066,1,5,6147_1,1,1,1,1
2026-09-03,7,10068,0,5,3_3,2,2,0,0
2026-09-03,7,10068,0,7,254_2,1,1,1,1
2026-09-03,7,10068,0,8,53_3,1,1,1,1
2026-09-03,7,10068,0,10,418_1,1,1,1,1
2026-09-03,7,10068,0,12,6236_1,1,1,1,1
2026-09-03,7,10068,0,13,6109_1,1,1,1,1
2026-09-03,7,10068,1,4,418_2,1,1,1,1
2026-09-03,7,10068,1,5,419_2,1,1,1,1
2026-09-03,7,10068,1,6,6163_2,1,1,1,1
2026-09-03,7,10068,1,7,421_2,1,1,1,1
2026-09-03,7,10068,1,26,606_1,1,1,1,1
2026-09-03,7,10068,1,27,249_1,1,1,1,1
2026-09-03,7,10068,1,29,251_1,1,1,1,1
2026-09-03,7,10068,1,30,152_2,1,1,1,1
2026-09-03,7,10069,1,23,253_1,1,1,1,1
2026-09-03,7,10069,1,24,53_1,1,1,1,1
2026-09-03,7,10069,1,25,254_1,1,1,1,1
2026-09-03,7,10069,1,26,4_4,1,1,1,1
2026-09-03,7,10072,1,30,56_1,2,2,2,1
2026-09-03,7,10072,1,33,61_2,1,1,1,1
2026-09-03,7,10075,1,1,421_3,1,1,7,7
2026-09-03,7,10075,1,7,214_1,1,1,1,1
2026-09-03,7,10075,1,10,212_1,1,1,1,1
2026-09-03,7,10075,1,11,211_1,1,1,1,1
2026-09-03,7,10075,1,13,209_1,1,1,1,1
2026-09-03,7,10081,0,5,425_1,1,1,0,0
2026-09-03,7,10081,0,7,6168_2,1,1,0,0
2026-09-03,7,10081,0,9,6180_2,1,1,0,0
2026-09-03,7,10081,0,11,6079_1,1,1,0,0
2026-09-03,9,10001,1,12,609_1,1,1,1,1
2026-09-03,9,10001,1,14,607_1,1,1,1,1
2026-09-03,9,10001,1,15,606_1,1,1,1,1
2026-09-03,9,10001,1,17,250_1,1,1,3,3
2026-09-03,9,10002,1,8,454_1,1,1,1,1
2026-09-03,9,10002,1,9,455_1,1,1,1,1
2026-09-03,9,10002,1,10,456_1,1,1,1,1
2026-09-03,9,10002,1,11,905_2,1,1,1,1
2026-09-03,9,10017,1,5,6147_1,1,1,0,0
2026-09-03,9,10017,1,9,6148_1,2,2,0,0
2026-09-03,9,10017,1,10,6019_2,1,1,0,0
2026-09-03,9,10032,0,2,59_4,1,1,1,1
2026-09-03,9,10032,0,3,57_2,1,1,1,1
2026-09-03,9,10032,0,4,56_2,2,2,2,1
2026-09-03,9,10032,0,42,6257_2,1,1,1,1
2026-09-03,9,10032,0,45,6225_2,1,1,1,1
2026-09-03,9,10032,0,47,6246_2,1,1,1,1
2026-09-03,9,10032,0,48,6206_2,1,1,1,1
2026-09-03,9,10032,1,28,243_1,1,1,1,1
2026-09-03,9,10032,1,31,6160_1,1,1,1,1
2026-09-03,9,10032,1,32,6001_1,1,1,1,1
2026-09-03,9,10032,1,34,446_3,1,1,1,1
2026-09-03,9,10034,0,1,91_2,1,1,0,0
2026-09-03,9,10034,0,2,7841_4,1,1,1,1
2026-09-03,9,10034,0,4,6902_2,1,1,1,1
2026-09-03,9,10034,0,7,6074_2,1,1,1,1
2026-09-03,9,10047,0,16,9_5,1,1,1,1
2026-09-03,9,10047,0,18,6143_2,1,1,3,3
2026-09-03,9,10047,0,20,446_4,1,1,3,3
2026-09-03,9,10047,0,21,6161_2,1,1,3,3
2026-09-03,9,10047,1,1,6039_1,2,2,14,7
2026-09-03,9,10047,1,42,72_2,2,2,2,1
2026-09-03,9,10047,1,44,56_1,1,1,1,1
2026-09-03,9,10047,1,45,57_1,1,1,1,1
2026-09-03,9,10049,1,15,6256_1,1,1,1,1
2026-09-03,9,10049,1,16,6255_1,1,1,1,1
2026-09-03,9,10049,1,18,6242_2,1,1,1,1
2026-09-03,9,10049,1,19,94_4,1,1,1,1
2026-09-03,9,10051,0,2,6016_1,1,1,1,1
2026-09-03,9,10051,0,4,6013_2,1,1,1,1
2026-09-03,9,10051,0,5,6212_2,1,1,1,1
2026-09-03,9,10051,0,7,6187_3,1,1,1,1
2026-09-03,9,10051,1,5,6172_1,1,1,1,1
2026-09-03,9,10051,1,7,6011_1,1,1,1,1
2026-09-03,9,10051,1,8,6187_2,1,1,1,1
2026-09-03,9,10051,1,10,6212_1,1,1,1,1
2026-09-03,9,10054,0,1,6293_1,1,1,7,7
2026-09-03,9,10054,0,2,6402_9,1,1,1,1
2026-09-03,9,10054,0,4,6292_1,1,1,1,1
2026-09-03,9,10054,1,2,6271_1,1,1,1,1
2026-09-03,9,10059,0,1,91_3,1,1,1,1
2026-09-03,9,10059,0,2,7841_4,1,1,1,1
2026-09-03,9,10059,0,5,6006_2,1,1,1,1
2026-09-03,9,10059,0,9,6260_1,1,1,1,1
2026-09-03,9,10059,1,1,7475_1,1,1,1,1
2026-09-03,9,10059,1,2,6260_2,1,1,1,1
2026-09-03,9,10059,1,3,6169_1,1,1,1,1
2026-09-03,9,10059,1,6,6229_1,1,1,1,1
2026-09-03,9,10059,1,11,91_3,1,1,1,1
2026-09-03,9,10060,1,1,6015_1,1,1,7,7
2026-09-03,9,10060,1,3,6248_1,1,1,1,1
2026-09-03,9,10060,1,11,6013_1,1,1,3,3
2026-09-03,9,10060,1,12,94_2,1,1,3,3
2026-09-03,9,10060,1,13,95_1,1,1,3,3
2026-09-03,9,10060,1,14,6228_1,1,1,3,3
2026-09-03,9,10060,1,22,6166_1,1,1,3,3
2026-09-03,9,10060,1,24,6241_1,1,1,3,3
2026-09-03,9,10060,1,25,9_2,1,1,3,3
2026-09-03,9,10060,1,26,8_3,1,1,3,3
2026-09-03,9,10060,1,29,5_1,1,1,1,1
2026-09-03,9,10060,1,30,4_1,1,1,1,1
2026-09-03,9,10060,1,31,6059_1,1,1,1,1
2026-09-03,9,10061,0,2,73_1,1,1,1,1
2026-09-03,9,10061,0,5,3_3,1,1,1,1
2026-09-03,9,10061,0,6,4_5,1,1,1,1
2026-09-03,9,10061,0,7,5_3,1,1,1,1
2026-09-03,9,10061,0,9,6_2,1,1,1,1
2026-09-03,9,10061,0,12,6241_2,1,1,1,1
2026-09-03,9,10061,0,14,6166_2,1,1,1,1
2026-09-03,9,10061,0,15,446_4,1,1,1,1
2026-09-03,9,10061,0,16,6161_2,1,1,1,1
2026-09-03,9,10064,0,18,6152_1,1,1,0,0
2026-09-03,9,10064,0,19,6300_2,1,1,0,0
2026-09-03,9,10064,0,21,6301_9,2,2,0,0
2026-09-03,9,10064,1,1,6073_1,1,1,0,0
2026-09-03,9,10064,1,2,6019_2,1,1,0,0
2026-09-03,9,10064,1,3,6020_1,1,1,1,1
2026-09-03,9,10068,0,5,3_3,1,1,1,1
2026-09-03,9,10068,0,6,4_3,1,1,1,1
2026-09-03,9,10068,0,8,53_3,1,1,1,1
2026-09-03,9,10068,0,10,186_2,1,1,1,1
2026-09-03,9,10068,0,24,7717_2,1,1,1,1
2026-09-03,9,10068,0,25,6023_1,1,1,1,1
2026-09-03,9,10068,0,26,210_2,1,1,1,1
2026-09-03,9,10068,0,28,212_2,1,1,1,1
2026-09-03,9,10068,0,37,421_1,2,2,2,1
2026-09-03,9,10068,0,39,419_1,1,1,1,1
2026-09-03,9,10068,0,40,418_1,1,1,0,0
2026-09-03,9,10068,1,17,211_1,1,1,1,1
2026-09-03,9,10068,1,19,6023_3,2,2,2,1
2026-09-03,9,10068,1,20,7717_1,1,1,1,1
2026-09-03,9,10068,1,34,186_1,1,1,3,3
2026-09-03,9,10068,1,35,253_1,1,1,3,3
2026-09-03,9,10068,1,36,53_1,1,1,3,3
2026-09-03,9,10068,1,37,254_1,1,1,3,3
2026-09-03,9,10072,0,6,69_2,1,1,1,1
2026-09-03,9,10072,0,7,68_2,1,1,1,1
2026-09-03,9,10072,0,8,67_2,1,1,1,1
2026-09-03,9,10072,0,9,65_2,1,1,1,1
2026-09-03,9,10072,1,31,57_1,1,1,1,1
2026-09-03,9,10072,1,32,59_1,2,2,2,1
2026-09-03,9,10072,1,33,61_2,1,1,1,1
2026-09-03,9,10075,1,1,421_3,1,1,7,7
2026-09-03,9,10075,1,2,422_2,1,1,0,0
2026-09-03,9,10075,1,18,204_1,1,1,1,1
2026-09-03,9,10075,1,19,65_1,1,1,1,1
2026-09-03,9,10075,1,20,67_1,1,1,1,1
2026-09-03,9,10075,1,21,68_1,1,1,1,1
2026-09-03,9,10078,0,33,6236_1,1,1,0,0
2026-09-03,9,10080,1,1,6079_1,1,1,7,7
2026-09-03,9,10080,1,2,6035_1,2,2,0,0
2026-09-03,13,10032,0,10,114_4,1,1,1,1
2026-09-03,13,10032,0,11,393_2,1,1,1,1
2026-09-03,13,10032,0,13,6102_2,1,1,1,1
2026-09-03,13,10032,0,14,6069_2,1,1,1,1
2026-09-03,13,10032,1,6,6206_1,1,1,1,1
2026-09-03,13,10032,1,8,6181_1,1,1,1,1
2026-09-03,13,10032,1,9,6225_1,1,1,1,1
2026-09-03,13,10032,1,11,6240_1,1,1,1,1
2026-09-03,13,10032,1,47,73_1,1,1,1,1
2026-09-03,13,10032,1,48,72_2,3,3,3,1
2026-09-03,13,10033,0,4,6211_1,1,1,1,1
2026-09-03,13,10033,0,6,6400_2,1,1,1,1
2026-09-03,13,10033,0,8,6074_2,1,1,1,1
2026-09-03,13,10033,0,10,6260_1,1,1,0,0
2026-09-03,13,10033,1,7,6400_1,1,1,1,1
2026-09-03,13,10033,1,8,6033_2,1,1,1,1
2026-09-03,13,10033,1,11,7841_2,1,1,1,1
2026-09-03,13,10047,0,2,59_4,2,2,2,1
2026-09-03,13,10047,0,3,57_2,1,1,1,1
2026-09-03,13,10047,0,4,56_2,1,1,1,1
2026-09-03,13,10047,0,37,6240_2,1,1,1,1
2026-09-03,13,10047,0,40,6181_2,1,1,1,1
2026-09-03,13,10047,0,41,6246_2,1,1,1,1
2026-09-03,13,10047,0,43,6176_2,1,1,1,1
2026-09-03,13,10047,1,20,95_1,1,1,1,1
2026-09-03,13,10047,1,22,243_1,1,1,1,1
2026-09-03,13,10047,1,25,6160_1,1,1,1,1
2026-09-03,13,10047,1,26,6001_1,1,1,1,1
2026-09-03,13,10049,0,9,6094_2,1,1,1,1
2026-09-03,13,10049,0,13,6258_2,1,1,1,1
2026-09-03,13,10049,0,16,6246_2,2,2,2,1
2026-09-03,13,10051,0,2,6016_1,1,1,1,1
2026-09-03,13,10051,0,4,6013_2,1,1,1,1
2026-09-03,13,10051,0,6,6205_2,1,1,1,1
2026-09-03,13,10051,0,8,6011_4,1,1,1,1
2026-09-03,13,10051,1,4,6067_1,1,1,1,1
2026-09-03,13,10051,1,6,6017_1,1,1,1,1
2026-09-03,13,10051,1,8,6187_2,1,1,1,1
2026-09-03,13,10051,1,9,6205_1,1,1,1,1
2026-09-03,13,10054,0,1,6293_1,3,3,21,7
2026-09-03,13,10054,0,2,6402_9,1,1,5,5
2026-09-03,13,10054,0,4,6292_1,1,1,5,5
2026-09-03,13,10054,1,1,6292_1,1,1,5,5
2026-09-03,13,10054,1,3,6402_1,1,1,3,3
2026-09-03,13,10054,1,4,6403_1,1,1,3,3
2026-09-03,13,10059,0,1,91_3,1,1,7,7
2026-09-03,13,10060,1,2,6249_1,1,1,1,1
2026-09-03,13,10060,1,4,6067_1,1,1,1,1
2026-09-03,13,10060,1,6,6017_1,1,1,1,1
2026-09-03,13,10060,1,8,6187_2,1,1,1,1
2026-09-03,13,10060,1,17,6162_1,1,1,1,1
2026-09-03,13,10060,1,19,6001_1,1,1,1,1
2026-09-03,13,10060,1,21,446_3,1,1,1,1
2026-09-03,13,10060,1,22,6166_1,1,1,1,1
2026-09-03,13,10060,1,31,6059_1,1,1,1,1
2026-09-03,13,10061,0,1,3_1,1,1,1,1
2026-09-03,13,10061,0,3,128_1,2,2,2,1
2026-09-03,13,10061,0,7,5_3,1,1,1,1
2026-09-03,13,10061,0,8,902_2,1,1,1,1
2026-09-03,13,10061,0,10,8_1,1,1,1,1
2026-09-03,13,10061,0,11,9_5,1,1,1,1
2026-09-03,13,10061,0,15,446_4,2,2,2,1
2026-09-03,13,10061,0,16,6161_2,1,1,1,1
2026-09-03,13,10061,0,19,6162_2,1,1,1,1
2026-09-03,13,10064,0,1,91_2,1,1,1,1
2026-09-03,13,10064,0,2,7841_4,2,2,2,1
2026-09-03,13,10064,0,15,6073_2,1,1,1,1
2026-09-03,13,10064,0,16,6152_1,1,1,0,0
2026-09-03,13,10064,0,17,6300_2,1,1,0,0
2026-09-03,13,10064,0,19,6301_9,1,1,0,0
2026-09-03,13,10064,1,1,6073_1,1,1,7,7
2026-09-03,13,10064,1,22,91_2,1,1,1,1
2026-09-03,13,10068,0,9,253_2,1,1,1,1
2026-09-03,13,10068,0,11,252_2,1,1,1,1
2026-09-03,13,10068,0,12,150_2,2,2,2,1
2026-09-03,13,10068,0,29,615_2,1,1,1,1
2026-09-03,13,10068,0,31,214_2,1,1,1,1
2026-09-03,13,10068,0,34,752_2,1,1,1,1
2026-09-03,13,10068,0,35,7217_2,1,1,1,1
2026-09-03,13,10068,1,17,211_1,1,1,1,1
2026-09-03,13,10068,1,18,210_1,2,2,2,1
2026-09-03,13,10068,1,19,6023_3,1,1,1,1
2026-09-03,13,10068,1,34,186_1,1,1,1,1
2026-09-03,13,10068,1,35,253_1,1,1,1,1
2026-09-03,13,10068,1,36,53_1,1,1,1,1
2026-09-03,13,10068,1,37,254_1,1,1,1,1
2026-09-03,13,10072,0,1,61_2,2,2,14,7
2026-09-03,13,10072,0,2,59_4,2,2,2,1
2026-09-03,13,10072,0,12,205_2,1,1,1,1
2026-09-03,13,10072,0,13,206_2,1,1,1,1
2026-09-03,13,10072,0,14,863_3,1,1,1,1
2026-09-03,13,10072,0,15,209_2,1,1,1,1
2026-09-03,13,10072,0,28,6163_1,1,1,1,1
2026-09-03,13,10072,0,30,418_1,1,1,1,1
2026-09-03,13,10072,0,32,6236_1,1,1,0,0
2026-09-03,13,10072,0,33,6109_1,1,1,0,0
2026-09-03,13,10072,1,3,440_2,1,1,7,7
2026-09-03,13,10072,1,4,418_2,1,1,7,7
2026-09-03,13,10072,1,7,421_2,1,1,1,1
2026-09-03,13,10072,1,8,422_2,1,1,1,1
2026-09-03,13,10072,1,22,205_1,2,2,2,1
2026-09-03,13,10072,1,24,204_1,2,2,2,1
2026-09-03,13,10082,0,3,423_2,1,1,1,1
2026-09-03,13,10082,0,4,424_2,1,1,1,1
2026-09-03,13,10082,0,6,426_2,2,2,2,1
